dre,school,average_age
G,AVIB ASS DOS VOL INT DO BRASIL UNID XVIII G,78.0
SA,ENTIDADE DE PROMOCAO E ASS SOCIAL ESPACO ABERTO UNID I SA,74.0
SA,ENTIDADE DE PROMOCAO E ASSISTENCIA SOCIAL ESPACO ABERTO,73.0
MP,CONS COMUNITARIO DE EDUCACAO DISTRITO CURUCA E GRANDE LESTE,71.0
CS,ASSOC CRIA ADOL JOVEM ICARAI UNID VI CS,70.0
CL,CARITAS - SAO JOAO BATISTA - VALO VELHO,70.0
SA,ENTIDADE DE PROMOCAO E ASS SOCIAL ESPACO ABERTO UN GAROUPAS,69.0
SM,AEC PADRE LUIZ SUTTER UNID V SM,69.0
MP,CONS COM. DE EDUC DO DISTRITO DE CURUCA E GRANDE LESTE,68.0
IP,UNAS-UNIAO NUCLEOS ASS MORADORES HELIOPOLIS E SAO J CLIMACO,68.0
CL,CARITAS - SANTA TEREZINHA,68.0
IQ,CLUBE DE MAES RAIOS DE LUAR UNID III IQ,67.0
CS,ASSOC CRIA ADOL JOVEM ICARAI UNID XII CS,67.0
SM,AEC PADRE LUIZ SUTTER - UNID XLII,66.0
G,AVIB ASS DOS VOL INT DO BRASIL UNID X G,66.0
CL,INSTITUTO SOCIAL SANTA LUCIA - UNID VII,66.0
G,AVIB ASS DOS VOL INT DO BRASIL UNID II G,66.0
MP,RAIOS DE LUZ UNID VI,65.0
G,AVIB ASS DOS VOL INT DO BRASIL UNID XI G,65.0
CL,UNIAO POPULAR DE MULHERES DE CAMPO LIMPO,65.0
FO,ASS CULT ESP BENEF VL NV CACHOEIRINHA - UNID III FO,65.0
MP,CONSELHO COM ED DISTRITO CURUCA E GDE LESTE UNID I IT,65.0
PJ,CAPES CENTRO ANHANGUERA DE PROM E EDUC SOCIAL VII,65.0
G,AVIB ASS DOS VOL INT DO BRASIL UNID XV G,65.0
MP,RAIOS DE LUZ UNID I,64.0
SM,ASS MORADORES NA LUTA P MORADIA DO CONJ TEOTONIO VILELA,64.0
PJ,SOCIEDADE DOS AMIGOS DO DISTRITO DE PERUS VI,64.0
G,AVIB ASS DOS VOL INT DO BRASIL UNID VIII G,64.0
MP,ASS BENEFICENTE DAS MULHERES VOLUNTARIOSAS,64.0
MP,ASS TRAB ITAIM PAULISTA PQ PAULISTANO,64.0
CL,ASS DO ABRIGO NOSSA SRA RAINHA DA PAZ DO JD FIM DE SEMANA,64.0
CL,UNIAO DE MOR JD ANTONIETA PQ STO ANTONIO UNID IV CL,64.0
MP,ASSOCIACAO TRES IRMAOS -,64.0
PJ,SOCIEDADE AMIGOS DO DISTRITO DE PERUS SADIP XVII,64.0
PE,CENTRO DE EDUCACAO ZONA LESTE,64.0
PE,INSTITUTO DE EDUCACAO E CULTURA ALUTHA,63.0
G,AVIB ASS DOS VOL INT DO BRASIL UNID I G,63.0
PJ,SOCIEDADE AMIGOS DO DISTRITO DE PERUS SADIP XIII,63.0
CS,ESPACO FORM ASSES E DOCUMENTACAO UNID VII CS,63.0
IQ,ASSOCIACAO DA UNIAO DAS MULHERES DALVA PAIXAO,63.0
SM,AEC PADRE LUIZ SUTTER UNID XVIII SM,63.0
CL,INSTITUTO SOCIAL SANTA LUCIA - UNID V CL,63.0
SM,AEC PADRE LUIZ SUTTER UNID XX SM,63.0
MP,ASS DOS TRAB DE ITAIM PTA E PQUE PAULISTANO UNID I MP,63.0
IQ,ASSOCIACAO CULTURAL NOSSA SENHORA DAS GRACAS,63.0
MP,RAIOS DE LUZ UNID IV,63.0
G,CONSELHO COMUNITARIO DA VILA SOLANGE - UNIDADE IG,63.0
FO,SOC AMIGOS DO DISTRITO DE PERUS,63.0
G,AVIB ASS DOS VOL INT DO BRASIL UNID XII G,62.0
CS,ASSOCIACAO COMUNITARIA JARDIM IDEAL UNID I CS,62.0
MP,SOCIEDADE AMIGOS DE VILA MARA UNID I MP,62.0
SA,OBRAS SOCIAIS SAO FRANCISCO XAVIER - MOVA,62.0
SM,AEC PADRE LUIZ SUTTER UNID XXXVI SM,62.0
FO,ASS BENEFICENTE UNIDOS DO JARDIM GUARANI UNID I FO,62.0
CL,UNIAO DE MOR JD ANTONIETA PQ STO ANTONIO UNID VI CL,62.0
SA,ASSOCIACAO CONQUISTANDO UM ESPACO II,62.0
MP,RAIOS DE LUZ UNID II,62.0
MP,ASS MAE MARA UNID IV MP,62.0
G,AVIB - ASSOC. VOLUNTARIOS INTEGRADOS DO BRASIL,62.0
SA,CIPS - CENTRO INTEGRADO DE PROMOCAO SOCIAL,62.0
CL,CARITAS - SAO FRANCISCO DE ASSIS,62.0
MP,RAIOS DE LUZ UNID V,62.0
PJ,SOCIEDADE AMIGOS DE PERUS,62.0
IP,UNAS NUCLEO LAGOA IP,61.0
BT,CENTRO SOCIAL SANTO DIAS UNID I BT,61.0
FO,ASSOCIACAO CANTAREIRA UNID III FO,61.0
CS,SOC DOS MORADORES DO JD IMBUIAS E ADJACENCIAS,61.0
FO,ASSOCIACAO MENINO DEUS,61.0
SA,CENTRO COMUNITARIO JD AUTODROMO,61.0
IQ,CLUBE DE MAES RAIOS DE LUAR,61.0
G,CONSELHO COMUNITARIO DA VILA SOLANGE UNID I G,61.0
SA,CENTRO COMUNITARIO JARDIM AUTODROMO,61.0
CL,SOCIEDADE SANTO MARTIRES UNID III MB,61.0
CL,SOCIEDADE SANTOS MARTIRES UNID XXI CL,61.0
SM,AEC PADRE LUIZ SUTTER UNID XXV SM,61.0
CL,CARITAS - SAGRADO CORACAO DE JESUS,61.0
MP,GRUPO ORG EM DEFESA DA EDUC E CULTURA UNID VI MP,61.0
SM,AEC PADRE LUIZ SUTTER UNID IV SM,61.0
G,CASP CENTRAL DE ASSOC E SOC POP UNID V G,61.0
CL,SOCIEDADE SANTO MARTIRES UNID I MB,61.0
G,AVIB ASS DOS VOL INT DO BRASIL UNID XVII G,61.0
IP,UNAS UNIAO NUCLEOS ASS MORADORES HELIOPOLIS E S JOAO CLIMACO,61.0
BT,ASSOCIACAO METODISTA LIVRE AGENTE - UNID I,61.0
SM,ASS COMUNITARIA SEMPRE VIVA UNID II SM,61.0
G,CONSELHO COMUNITARIO DA VILA SOLANGE UNID IV G,61.0
SM,AEC PADRE LUIZ SUTTER UNID XXI SM,60.0
PE,CENTRO DE EDUCACAO DA ZONA LESTE UNID V,60.0
JT,ASS MORADORES ZONA NORTE UNID V JT,60.0
FO,ASSOCIACAO CANTAREIRA UNID X FO,60.0
SA,ASSOCIACAO CONQUISTANDO UM ESPACO I,60.0
JT,SOC AMIGOS VILA CONSTANCA SAVIC UNID I JT,60.0
CL,INSTITUTO SOCIAL SANTA LUCIA UNID XII,60.0
PJ,ASSOCIACAO ALEGRIA DE VIVER UNID II,60.0
CL,CLUBE DE MAES DO JARDIM TURQUESA,60.0
PJ,SOCIEDADE AMIGOS DO DISTRITO DE PERUS V,60.0
MP,ASS VOLUNTARIOS DO BRASIL UNID I MP,60.0
SA,CPDDH FREI TITO DE ALENCAR LIMA UNID IV SA,60.0
CL,SOCIEDADE SANTO MARTIRES UNID XVII MB,60.0
SM,AEC PADRE LUIZ SUTTER UNID XL SM,60.0
CS,ASSOC CRIA ADOL JOVEM ICARAI UNID X CS,59.0
IQ,CENTRO DE EDUCACAO SOCIAL FORCA DA MULHER,59.0
CS,ASSOCIACAO COMUNITARIA JARDIM IDEAL,59.0
CS,SOC MORAD JD IMBUIAS UNID I CS,59.0
CL,CARITAS - NOSSA SENHORA DAS GRACAS,59.0
MP,ASS COM FLORESTAN FERNANDES UNID VIII MP,59.0
G,AVIB-ASSOCIACAO DE VOLUNTARIOS INTEGRADOS NO BRASIL,59.0
G,AVIB ASS DOS VOL INT DO BRASIL UNID XVI G,59.0
PJ,CAPES - CENTRO ANHANGUERA DE PROMOCAO E EDUC SOC UNID II,59.0
MP,CENTRO DE EDUC DA ZONA LESTE UNID VIII MP,59.0
SM,AEC PADRE LUIZ SUTTER UNID XIX SM,59.0
CL,INSTITUTO SOCIAL SANTA LUCIA,59.0
PJ,SOCIEDADE AMIGOS DO DISTRITO DE PERUS X,59.0
IP,UNAS-UNIAO NUCLEOS ASS SOC DE HELIOPOLIS E SAO JOAO CLIMACO,59.0
SM,AEC PADRE LUIZ SUTTER UNID VIII SM,59.0
CS,ASSOCIACAO COMUNITARIA DO JARDIM IDEAL - UNID VI CS,59.0
CL,CARITAS - SENHOR DOS PASSOS,59.0
JT,ASS MORADORES DA ZONA NORTE,59.0
FO,CENTRO DE ASSISTENCIA SOCIAL DO JD PERI - UNID I,59.0
PE,CENTRO DE EDUCACAO DA ZONA LESTE,59.0
PJ,SOCIEDADE AMIGOS DE PERUS - UNID. I,59.0
SA,ASSOCIACAO CONQUISTANDO UM ESPACO III,58.0
SA,CENTRO COMUN JD AUTODROMO UNID I SA,58.0
PJ,ASSOCIACAO ALEGRIA DE VIVER UNID I PJ,58.0
CS,ASS COMUNITARIA JD IDEAL,58.0
IQ,ASS TRES IRMAOS UNID II IQ,58.0
CS,SOC MORAD JD IMBUIAS UNID II,58.0
G,AVIB ASS DOS VOL INT DO BRASIL UNID IX G,58.0
PE,CENTRO DE EDUCACAO DA ZONA LESTE UNID IV PE,58.0
CS,CENTRO COM JD AUTODROMO UNID VII - CS,58.0
FO,INSTITUTO OIKOS,58.0
FO,ASSOCIACAO CANTAREIRA UNID XII FO,58.0
PE,ASS DE MUTUARIOS E MORADORES DA COHAB UNID I PE,58.0
SM,AEC PADRE LUIZ SUTTER UNID XII SM,58.0
CS,ASSOC COMUN CANTINHO DO CEU UNID II CS,58.0
MP,ASS TRES IRMAOS UNID X MP,58.0
FO,CLUBE DE MAES JD VISTA ALEGRE UNID III FO,58.0
PJ,CAPES - CENTRO ANHANGUERA DE PROM E EDUC SOC UNID III,57.0
CS,ESPACO FORM ASSES E DOCUMENTACAO UNID XXXVI CS,57.0
MP,GRUPO ORG EM DEFESA DA EDUC E CULTURA,57.0
SM,AEC PADRE LUIZ SUTTER UNID XXVI SM,57.0
FO,OBRAS SOCIAIS DE VISTA ALEGRE UNID V FO,57.0
G,CASP CENTRAL DE ASS E SOCIEDADES POPULARES XIII,57.0
PJ,SOCIEDADE AMGOS DO DISTRITO DE PERUS SADIP XVI,57.0
CS,ASSOCIACAO COMUNITARAIA DO JARDIM IDEAL - UNID VII CS,57.0
MP,MOVA - ASS COMUNITARIA SANTA LUZIA UNID II MP,57.0
MP,ASS TRES IRMAOS,57.0
PJ,ASSOCIACAO ALEGRIA DE VIVER UNID III,57.0
PJ,SOCIEDADE AMIGOS DO DISTRITO DE PERUS - SADIP,57.0
CL,CARITAS - SAO JOAO BATISTA - PQ LAGO,57.0
IP,UNAS NUCLEO MINA DOIS UNID I IP,57.0
G,CONSELHO COMUNITARIO DA VILA SOLANGE UNID V G,56.0
FO,ASSOCIACAO CANTAREIRA UNID IV FO,56.0
BT,CENTRO COMUNITARIO RAPOSO TAVARES,56.0
FO,ASS CULT ESP BENEF VL NV CACHOEIRINHA - UNID IV FO,56.0
SM,ASSOCIACAO EDUCAIONAL E CULTURAL PADRE LUIZ SUTTER,56.0
CS,ESPACO FORM ASSES E DOCUMENTACAO,56.0
FO,ASSOCIACAO CANTAREIRA UNID VII FO,56.0
FO,ASSOCIACAO CANTAREIRA UNID I FO,56.0
G,AVIB ASS DOS VOL INT DO BRASIL UNID V G,56.0
CL,CARITAS - SAO LUIZ GONZAGA,56.0
SA,ENTIDADE DE PROMOCAO E ASS SOCIAL ESPACO ABERTO,56.0
PJ,CAPES - CENTRO ANHAGUERA DE PROMOCAO E DUCACAO SOCIAL UNID I,56.0
IP,UNAS UNIAO NUCLEOS ASS SOC DE HELIOPOLIS E SAO JOAO CLIMACO,56.0
FO,CENTRO DE ASSISTENCIA SOCIAL DE VILA DIONISIA II,56.0
PJ,SOCIEDADE AMIGOS DO DISTRITO DE PERUS XIV,56.0
G,ASS BENEFICENTE COMUNITARIA BEM QUERER,56.0
CL,CARITAS - SAO LUCAS,56.0
FO,OBRAS SOCIAIS DE VISTA ALEGRE UNID I FO,56.0
FO,CLUBE DE MAES MARIA DAS DORES UNID II FO,55.0
PJ,CAPES CENTRO ANHANGUERA DE PROMOCAO E EDUCACAO SOCIAL UNI IV,55.0
PJ,SOCIEDADE AMIGOS DE PERUS - UNID. IV,55.0
FO,ASSOC BENEF OIKOS UNID VI,55.0
FO,ASSOCIACAO CANTAREIRA UNID XIV FO,55.0
CL,INSTITUTO SOCIAL SANTA LUCIA - UNID VIII - CL,55.0
IQ,COMUNIDADE CRISTA AVIVAMENTO PLENO II,55.0
FO,ASSOCIACAO CANTAREIRA,55.0
CL,CARITAS - SANTA MARIA GORETTI,55.0
CL,INSTITUTO SOCIAL SANTA LUCIA UNID X,55.0
FO,ASSOCIACAO CANTAREIRA UNID XIII FO,55.0
G,ASS BENEFICENTE COMUNITARIA BEM QUERER II,55.0
PJ,SOCIEDADE AMIGOS DO DISTRITO DE PERUS XI,54.0
FO,CENTRO DE ASSISTENCIA SOCIAL DE VILA DIONISIA,54.0
SA,CENTRO COMUN JD AUTODROMO UNID III SA,54.0
CL,ASS MORAD JD SANTA CECILIA,54.0
SM,AEC PADRE LUIZ SUTTER UNID XL,54.0
MP,ASS COM FLORESTAN FERNANDES UNID VII MP,54.0
IQ,COMUNIDADE CRISTA DO AVIVAMENTO PLENO,54.0
SA,SOCIEDADE DE AMPARO FRATERNO CASA DO CAMINHO UNID I SA,54.0
JT,ASS MORADORES ZONA NORTE UNID IV JT,54.0
CL,INSTITUTO SOCIAL SANTA LUCIA - UNID I CL,54.0
SA,ASSOCIACAO CONQUISTANDO UM ESPACO V,54.0
FO,ASS CULT BENEF VL NV CACHOEIRINHA UNID II FO,54.0
MP,CENTRO DE EDUCACAO DA ZONA LESTE XII,54.0
JT,ASS MORADORES ZONA NORTE - NUCLEO JD SAO JOAO,53.0
CL,SOCIEDADE SANTO MARTIRES UNID VIII MB,53.0
FO,ASS SOC CULT MADRE TERESA DE JESUS UNID I FO,53.0
FO,SOC AMIGOS DO DISTRITO DE PERUS - SADIP,53.0
CL,SOCIEDADE SANTO MARTIRES UNID II MB,53.0
CS,ASSOCIACAO COMUNITARIA JARDIM IDEAL - UNID XIII CS,53.0
IP,OBR SOC NS SRA AQUIROPITA - CENT SOC DOM ORIONE,53.0
IQ,OBRA SOCIAL DA PAROQUIA CRISTO RESSUSCITADO,52.0
FO,ASS CULT ESP BENEF VL NV CACHOEIRINHA UNID I FO,52.0
PJ,CAPES CENTRO DE PROMOCAO E EDUC SOCIAL V,52.0
SA,CPDDH FREI TITO DE ALENCAR LIMA UNID V SA,52.0
SA,ASSOCIACAO CONQUISTANDO UM ESPACO IV,52.0
CS,ASSOC CRIA ADOL JOVEM ICARAI - UNI XIII,52.0
FO,ASS CULT ESP BENEF VL NV CACHOEIRINHA - UNID VI FO,51.0
FO,ASSOC BENEF OIKOS UNIDADE VII,51.0
FO,CENTRO COM NOSSA SENHORA APARECIDA UNID II CV,50.0
SM,AEC PADRE LUIZ SUTTER UNID XXXVII SM,50.0
FO,CENTRO COM NOSSA SENHORA APARECIDA UNID FO V,50.0
IP,ASSOCIACAO EVANGELICA BENEFICENTE,50.0
SM,SAPOPEMBA,49.0
SM,ROLANDO BOLDRIN,49.0
G,CASP CENTRAL DE ASS E SOCIEDADES POPULARES,49.0
CL,GUARAPIRANGA - FLORINDA LOTAIF SCHAHIN,49.0
SM,CENTRO INT ED JOVENS E ADULTOS - IGUATEMI I,49.0
IP,UNAS-UNIAO NUCLEOS ASS MORADORES HELIOPOLIS E S JOAO CLIMACO,48.0
FO,ASSOCIACAO CANTAREIRA UNID II FO,48.0
JT,ASS MORADORES ZONA NORTE UNID II JT,48.0
JT,CENTRO INT ED JOVENS E ADULTOS - SANTANA/TUCURUVI,46.0
PE,CENTRO INT ED JOVENS E ADULTOS - ERMELINO MATARAZZO,46.0
CL,UNIAO DE MOR JD ANTONIETA PQ STO ANTONIO UNID III,45.0
PJ,CAPES CENTRO ANHANGUERA DE PROM E EDUC SOCIAL,44.0
CL,CENTRO INT ED JOVENS E ADULTOS - CAMPO LIMPO,43.0
BT,ALUNA JESSICA NUNES HERCULANO,42.0
IP,CLOVIS CAITANO MIQUELAZZO - IPIRANGA,41.0
PE,QUINTA DO SOL,40.0
G,LAJEADO,39.0
IQ,CENTRO INT ED JOVENS E ADULTOS - ITAQUERA,39.0
JT,CENTRO INT ED JOVENS E ADULTOS - VILA MARIA/VILA GUILHERME,37.0
CL,CANTOS DO AMANHECER,35.0
G,INACIO MONTEIRO,35.0
IQ,SANTA ZITA,33.0
G,JAMBEIRO - JOSE GUILHERME GIANETTI,33.0
IQ,AZUL DA COR DO MAR,33.0
MP,PARQUE VEREDAS - JOAO ANTONIO DA SILVA,32.0
MP,VILA CURUCA - IRENE RAMALHO,31.0
IP,INSTITUICAO BENEFICENTE NOSSO LAR,28.0
SM,ROSA DA CHINA,28.0
PJ,PERA MARMELO,28.0
IP,INSTITUTO EFORT DE ACAO SOCIAL CULTURAL EDUCACAO PESQUISA,27.0
PJ,PERUS,27.0
FO,ASSOCIACAO NANY APPLE EM BENEFICIO DO OBESO E DO CARENTE,27.0
JT,ASS FILHAS DE SANTA MARIA DA PROVIDENCIA - AFISMAP,27.0
IQ,CENTRO DE ACAO SOCIAL ESPACO LIVRE,27.0
CL,ASSOCIACAO BENEFICENTE GUAINUMBI,26.0
SA,ALVARENGA,26.0
IP,ASSOCIACAO NOSSA ESCOLA,26.0
SM,INSTITUTO MATER DEI,26.0
IQ,LAR MAE DO DIVINO AMOR,26.0
IP,GRUPO BRASIL DE APOIO AO SURDOCEGO E AO MULT DEF SENSORIAL,26.0
CL,VILA DO SOL,26.0
SA,A ALTERNATIVA - ASS DE ASSISTENCIA AO EXCEPCIONAL,26.0
PE,CENTRO SOCIAL NOSSA SENHORA DA PENHA CENHA,25.0
PE,ASSOCIACAO CASA DOS DEFICIENTES DE ERMELINO MATARAZZO-UNID I,25.0
BT,UIRAPURU,24.0
CS,TRES LAGOS,24.0
FO,JARDIM PAULISTANO,23.0
PE,TIQUATIRA,23.0
SM,SAO MATEUS,22.0
CL,PARAISOPOLIS,22.0
JT,LELIA GONZALEZ,21.0
PJ,PARQUE ANHANGUERA,20.0
SM,SAO RAFAEL,20.0
FO,PAZ,19.0
SM,JOSE MARIA WHITAKER,19.0
JT,JACANA,19.0
CS,MANOEL VIEIRA DE QUEIROZ FILHO,18.0
SM,JULIO DE GRAMMONT,17.0
PJ,MARIO LAGO,17.0
CL,MODESTO SCAGLIUSI,17.0
JT,OLIVA IRENE BAYERLEIN SILVA,17.0
IP,HELEN KELLER,16.0
MP,EZEQUIEL RAMOS JUNIOR,16.0
IP,PERICLES EUGENIO DA SILVA RAMOS,16.0
PE,EDGARD CAVALHEIRO,16.0
G,ANTONIO PEREIRA IGNACIO,16.0
G,AURELIANO LEITE,16.0
IQ,VICENTINA RIBEIRO DA LUZ,16.0
G,VLADIMIR HERZOG,16.0
PE,ESPACO DE BITITA,16.0
IQ,CARLOS CHAGAS,16.0
PE,ARTHUR AZEVEDO,16.0
IP,ADEFAV-CENTRO DE RECURSOS EM DEFICIENCIA MULTIPLA,16.0
CS,OLEGARIO MARIANO,16.0
G,SATURNINO PEREIRA,15.0
SM,JARDIM DAS LARANJEIRAS,15.0
JT,JARDIM FONTALIS,15.0
JT,RUY BARBOSA,15.0
CL,CAMPO LIMPO III -LUISA ROSARIA DE OLIVEIRA DIAS,15.0
MP,EUZEBIO ROCHA FILHO,15.0
IQ,BARTOLOMEU LOURENCO DE GUSMAO,15.0
CL,HERMES FERREIRA DE SOUZA,15.0
PE,JACKSON DE FIGUEIREDO,15.0
IQ,BENEDITO CALIXTO,15.0
SM,PLINIO DE QUEIROZ,15.0
CL,PROCOPIO FERREIRA,15.0
PE,AMADEU AMARAL,15.0
IQ,SERGIO MILLIET,15.0
FO,ERICO VERISSIMO,15.0
G,ALEXANDRE DE GUSMAO,15.0
G,ELIAS SHAMMASS,15.0
CL,TERESA MARGARIDA DA SILVA E ORTA,15.0
CS,PLINIO SALGADO,15.0
SM,CIDADE DE OSAKA,15.0
CS,PAULO SETUBAL,15.0
CL,JOSE OLYMPIO PEREIRA FILHO,15.0
MP,NEUZA AVELINO DA SILVA MELO,15.0
CS,CONSTELACAO DO INDIO,15.0
SM,CLAUDIO MANOEL DA COSTA,15.0
SA,ARMANDO ARRUDA PEREIRA,15.0
MP,DAMA ENTRE RIOS VERDES,15.0
IP,CASSIANO RICARDO,15.0
IP,IRMA DERLY FABRES,15.0
IQ,EDUARDO PRADO,15.0
PJ,GUIOMAR CABRAL,15.0
SM,FORTE DOS REIS MAGOS,15.0
SM,EMILIO RIBAS,15.0
IQ,8 DE MAIO,15.0
JT,MARCOS MELEGA,15.0
SM,THEREZA MACIEL DE PAULA PROFA.,15.0
PE,ASSAD ABDALA,15.0
PE,ANALIA FRANCO BASTOS,15.0
G,OSWALDO ARANHA BANDEIRA DE MELLO,15.0
CS,JOAQUIM BENTO ALVES DE LIMA NETO,15.0
PJ,BADRA,15.0
CS,JOAO DA SILVA,15.0
G,JAMBEIRO,15.0
IP,JOAQUIM NABUCO,14.0
JT,ALBERTO SANTOS DUMONT,14.0
SM,JOSE LINS DO REGO,14.0
BT,VIANNA MOOG,14.0
BT,JARDIM JAQUELINE - SAO GABRIEL,14.0
CS,CENTRO DE CONVIVENCIA SANTA DORITEIA,14.0
FO,GERALDO SESSO JUNIOR,14.0
PJ,RUI BLOEM,14.0
FO,PAULO NOGUEIRA FILHO,14.0
CL,LUCA,14.0
G,JOAO RIBEIRO DE BARROS,14.0
IQ,JOSE QUERINO RIBEIRO,14.0
CL,FRANCISCO REBOLO,14.0
CL,OLIVEIRA VIANA,14.0
IQ,FRANCISCO ALVES MENDES FILHO - CHICO MENDES,14.0
IP,MINA,14.0
CL,CASA JOSE COLTRO,14.0
PE,FIRMINO TIBURCIO DA COSTA,14.0
SM,RODRIGUES DE CARVALHO,14.0
G,DIAS GOMES,14.0
CL,PERIMETRAL,14.0
PE,LEONOR MENDES DE BARROS,14.0
PJ,JULIO DE OLIVEIRA,14.0
JT,JOAO DOMINGUES SAMPAIO,14.0
CS,HEITOR DE ANDRADE,14.0
SM,REINO ENCANTADO,14.0
CL,DEZOITO DO FORTE,14.0
JT,ENEAS CARVALHO DE AGUIAR,14.0
MP,CCA,14.0
CS,VIVENDA DA CRIANCA,14.0
CS,FE E ALEGRIA JARDIM SHANGRI-LA,14.0
SA,CASTELINHO DOM BOSCO,14.0
SA,BERNARDO O HIGGINS,14.0
CL,LEONARDO VILLAS BOAS,14.0
FO,TIJOLINHO,14.0
PJ,DILERMANDO DIAS DOS SANTOS,14.0
PJ,FERNANDO GRACIOSO,14.0
JT,OCTAVIO PEREIRA LOPES,14.0
G,MAURICIO GOULART,14.0
CS,JACEGUAVA,14.0
CL,ZULMIRA CAVALHEIRO FAUSTINO,14.0
IP,OLAVO FONTOURA,14.0
SM,FAZENDA DA JUTA,14.0
SM,CEC ROBERTO CARELLI,14.0
PE,ARTHUR ALVIM,14.0
JT,SORAYA MARIA,14.0
G,CASA DOS MENINOS II,14.0
G,VINTE E CINCO DE JANEIRO,14.0
JT,MARTIN FRANCISCO RIBEIRO DE ANDRADA,14.0
MP,JOSE HONORIO RODRIGUES,14.0
SA,CACILDA BECKER,14.0
SM,HERALDO BARBUY,14.0
CS,JARDIM SIPRAMAR,14.0
PJ,CHACARA TURISTICA,14.0
MP,ANTONIA E ARTUR BEGBIE,14.0
JT,LOURENCO FILHO,14.0
SM,PROJETO CULTURAL VIVARTE DANIEL COMBONI,14.0
FO,PEDRO AMERICO,14.0
SM,BOA ESPERANCA,14.0
SM,RODRIGO MELLO FRANCO DE ANDRADE,14.0
MP,JOSE AMERICO DE ALMEIDA,14.0
MP,MURURES,14.0
SM,JOAQUIM OSORIO DUQUE ESTRADA,14.0
BT,VILA MUNCK,14.0
IP,CLEOMENES CAMPOS,14.0
IQ,AYRES MARTINS TORRES,14.0
IQ,ARTUR NEIVA,14.0
SA,GROSSARL,14.0
PJ,PAULO PRADO,14.0
PJ,ESTACAO JARAGUA,14.0
CS,JOAO DE DEUS CARDOSO DE MELLO,14.0
CS,CONOSCO BARRAGEM,14.0
CL,MAURICIO SIMAO,14.0
FO,SEFRAS CRIANCA PERI,14.0
SM,COELHO NETO,14.0
PE,GUILHERME DE ALMEIDA,14.0
SM,CEC PERSEVERANCA MARIA DA SILVA,14.0
MP,CAPISTRANO DE ABREU,14.0
BT,SOLANO TRINDADE,14.0
BT,JULIO MESQUITA,14.0
BT,BRASIL-JAPAO,14.0
IQ,ROQUETTE PINTO,14.0
PE,HUMBERTO DE CAMPOS,14.0
MP,RAIMUNDO CORREIA,14.0
PJ,EDGARD CARONE,14.0
CL,M BOI MIRIM II,14.0
CL,PRACINHAS DA FEB,14.0
PJ,RAUL POMPEIA,14.0
CS,PLACIDO DE CASTRO,14.0
MP,PEDRO TEIXEIRA,14.0
CS,PADRE GIUSEPPE PEGORARO,14.0
CS,PROJETO SOL,14.0
PE,NUCLEO LAR SIRIO,14.0
FO,HUMBERTO DANTAS,14.0
IP,HERCILIA DE CAMPOS COSTA,14.0
CS,MARSILAC,14.0
MP,MILTON PEREIRA COSTA,14.0
FO,JARDIM DAMASCENO I - PROFESSOR JOAO ANTONIO FELICIO,14.0
PE,OCTAVIO MANGABEIRA,14.0
IP,JEAN MERMOZ,14.0
CS,CONOSCO BALNEARIO SAO JOSE,14.0
IQ,DANYLO JOSE FERNANDES,14.0
SM,HENRIQUE SOUZA FILHO - HENFIL,14.0
MP,SUD MENNUCCI,14.0
FO,OSVALDO QUIRINO SIMOES,14.0
SM,PAULO DUARTE,14.0
BT,TEOFILO BENEDITO OTTONI,14.0
CL,IRMA DULCE,14.0
MP,HENRIQUE FELIPE DA COSTA - HENRICAO,14.0
IP,JOSE MARIA LISBOA,14.0
SM,MARGARIDA MARIELLE,14.0
CL,SOCRATES BRASILEIRO SAMPAIO DE SOUSA VIEIRA DE OLIVEIRA,14.0
CL,MARLI FERRAZ TORRES BONFIM,14.0
CS,JARDIM SABIA,14.0
JT,RODRIGUES ALVES,14.0
SM,BENEDITO DE JESUS BATISTA LAURINDO - PE BATISTA,14.0
CL,HERBERT DE SOUZA - BETINHO,14.0
SM,COLMEIA,14.0
BT,PEDRO NAVA,14.0
MP,ANTONIO CARLOS DE ANDRADA E SILVA,14.0
SM,SAO JOAO,14.0
IQ,GUIMARAES ROSA,14.0
IP,ALVARES DE AZEVEDO,14.0
IP,PERSEVERANCA III,13.0
CL,PAROQUIA SANTO ANTONIO,13.0
SM,CEC SANTA ROSA DE LIMA,13.0
CL,22 DE MARCO,13.0
CS,AMCOSE,13.0
FO,TODOS IRMAOS,13.0
SA,CEJOLE,13.0
PJ,PARQUE DE TAIPAS,13.0
SA,CARLOS DE ANDRADE RIZZINI,13.0
FO,TELIA GIROTTI,13.0
CL,JOSE SARAMAGO,13.0
CL,MARIA RITA LOPES PONTES - IRMA DULCE,13.0
CL,CASA DO ZEZINHO,13.0
CL,JARDIM PIRACUAMA,13.0
JT,ZACKI NARCHI,13.0
FO,NOSSA SENHORA DO O,13.0
PE,LAR DONA TINA II,13.0
CL,BOA SORTE,13.0
SM,PARQUE BOA ESPERANCA II,13.0
SM,SANTO ADRIANO,13.0
CL,ESPACO COM VIVER - JARDIM DOM JOSE,13.0
PJ,CRIANCA CRESCENDO CIDADA,13.0
CS,SETE DE SETEMBRO,13.0
CS,FREI REGINALDO,13.0
PE,CECILIA MEIRELES,13.0
SM,JARDIM SINHA,13.0
SA,ACM - SANTO AMARO,13.0
FO,VISTA ALEGRE,13.0
JT,JOAO RAMOS - PERNAMBUCO - ABOLICIONISTA,13.0
BT,INSTITUTO ANA ROSA,13.0
JT,MUTIRAO DO POBRE,13.0
CS,CARLOS FRANCISCO GASPAR,13.0
CL,VALE DAS VIRTUDES,13.0
CL,FAGUNDES VARELLA,13.0
PJ,ROGACIONISTA,13.0
CL,JARDIM PARANAPANEMA,13.0
CL,JARDIM SAO LORENCO,13.0
PJ,SEMEANDO VIDAS III,13.0
SA,SANTA LUCIA,13.0
JT,CASA DOM MACARIO,13.0
CL,RIVIERA,13.0
BT,PROF,13.0
PE,MARIELLE FRANCO,13.0
G,SEGUIR SONHANDO,13.0
CL,TEREZINHA MOTA DE FIGUEIREDO,13.0
IP,CELSO LEITE RIBEIRO FILHO,13.0
JT,RECANTO SAO JOSE,13.0
JT,LEAO XIII - SONIA VIDIGAL,13.0
MP,AMIGOS DA VITORIA,13.0
G,PARQUE CENTRAL,13.0
CS,ARIANO SUASSUNA,13.0
SM,BRASILIO MACHADO NETO,13.0
CS,IRMA AGOSTINA,13.0
SA,JOCA,13.0
FO,MORRO GRANDE,13.0
PE,EMILIANO DI CAVALCANTI,13.0
JT,RAUL DE LEONI,13.0
PJ,RECANTO DOS HUMILDES II,13.0
IP,SEGUNDA MILHA,13.0
JT,PADRE MENARD,13.0
MP,DARCY RIBEIRO,13.0
BT,IBRAHIM NOBRE,13.0
G,CEBECH CASTRO ALVES,13.0
IP,SAO PEDRO APOSTOLO - OASPA,13.0
BT,SANTA TERESA DE JESUS,13.0
CL,ALTO DA RIVIERA,13.0
CS,ULYSSES DA SYLVEIRA GUIMARAES,13.0
SM,MARTIN LUTHER KING JR,13.0
IP,AHIMSA ASSOCIACAO EDUCACIONAL PARA MULTIPLA DEFICIENCIA,13.0
JT,CIDADE NOVA,13.0
IP,IZAURA MARIA DA CONCEICAO,13.0
IP,ANTONIO DE ALCANTARA MACHADO,13.0
PJ,APROCIMA,13.0
PE,LUIS WASHINGTON VITA,13.0
SM,CEC ELIZABETH GASPERAVICIUS,13.0
CL,VALO VELHO,13.0
BT,LIGA SOLIDARIA,13.0
CL,JARDIM AURELIO,13.0
BT,CENTRO JUVENIL SALESIANO DOM BOSCO,13.0
CL,JARDIM INGA,13.0
MP,VILA ITAIM,13.0
IP,ITALIANOS,13.0
MP,VIRGILIO DE MELLO FRANCO,13.0
SM,NUCLEO CULTURAL SONHO JOVEM,13.0
PJ,SEMEANDO VIDAS IV,13.0
BT,PEDRO LUIZ,13.0
IP,SANTO AGNELO,13.0
CS,PE. FRANCO VILLA,13.0
FO,PLINIO AYROSA,13.0
SM,SEMEANDO ESPERSANCA,13.0
IP,COR,13.0
SM,CEC SAMMUTTI,13.0
G,VILA SAO GERALDO,13.0
CL,INSTITUTO RURAL,13.0
PE,BOTURUSSU,13.0
PE,CEC A NOSSA CASA,13.0
JT,EDSON RODRIGUES,13.0
SM,CARLOS MARIGHELA,13.0
PJ,LAR DAS CRIANCAS,13.0
FO,ARTE NA RUA,13.0
CS,AMAI I - VILA ARCO IRIS,13.0
CL,JARDIM DAS ROSAS,13.0
CS,IVM,13.0
CS,RECONCILIACAO,13.0
BT,TARSILA DO AMARAL,13.0
SA,AFAGO,13.0
CL,IPAVA,13.0
SM,SONIA MARIA MACHADO,13.0
IQ,PROJETO JOSE DE ANCHIETA,13.0
SM,SAB - SAPOPEMBA,13.0
IP,PAM,13.0
PJ,ANTONIO ALVES VERISSIMO,13.0
MP,VILA CURUCA,13.0
SM,RUBENS PAIVA,13.0
BT,CENTRO EDUCATIVO FREI LUIZ AMIGO - CEFLA,13.0
SM,ACLAMADO,13.0
SM,CEC SAO FRANCISCO E SANTO ANDRE,13.0
PJ,ACM LAPA,13.0
CL,NOSSA SENHORA APARECIDA I,13.0
CL,SAO LUIZ GONZAGA,13.0
SM,ALCEU AMOROSO LIMA,13.0
PJ,MARIO KOSEL FILHO,13.0
IP,IRMA JACINTA,13.0
CL,M BOI MIRIM I,13.0
IP,PROVIM - PROGRAMA VIDA MELHOR - DOM BOSCO,13.0
SA,MARINA VIEIRA DE CARVALHO MESQUITA,13.0
MP,PADRE TICAO,13.0
SA,JOAO GUALBERTO DO AMARAL CARVALHO,13.0
FO,ZILKA SALABERRY DE CARVALHO,13.0
PE,CASA FILADELFIA,13.0
G,CASA DOS MENINOS I,13.0
BT,LIGA SOLIDARIA - UNIDADE SABIA,13.0
CL,ANTONIO ESTANISLAU DO AMARAL,13.0
CL,ANNA SILVEIRA PEDREIRA,13.0
BT,RECANTO DOS PASSAROS,13.0
MP,PARQUE PAULISTANO,13.0
G,CEBECH INACIO MONTEIRO,13.0
CL,CIDADE IPAVA,13.0
JT,SOLID ROCK,13.0
G,VILA YOLANDA,13.0
MP,NOVA UNIAO,13.0
MP,ARMANDO CRIDEY RIGHETTI,13.0
CS,ARCO IRIS III,13.0
PJ,PADRE PIO,13.0
IP,ALTINO ARANTES,13.0
JT,CURUCA,13.0
CS,SANTA FE,13.0
MP,JARDIM SILVA TELES,13.0
SM,C.E.C. JOAO PAULO II,13.0
MP,ADEMIR DE ALMEIDA LEMOS,13.0
IP,PARCEIROS DA CRIANCA,13.0
SM,CEC SAO PEDRO,13.0
JT,HIPOLITO JOSE DA COSTA,13.0
IP,DORALINA MANCINI,13.0
JT,FRATERNIDADE,13.0
SA,FREI TITO,13.0
CL,CAMPO LIMPO II,13.0
SM,OLIVAL COSTA,13.0
IQ,JUNTOS I,13.0
SA,SEARA BENDITA,13.0
IP,GERACAO DO FUTURO,13.0
CS,AMA II,13.0
MP,TERCEIRO MILENIO ITAIM VI,13.0
MP,ARTE DE SER FELIZ,13.0
SM,PROJETO VIDA,13.0
FO,JOAO AMOS COMENIUS,13.0
IP,NUCLEO 120,13.0
G,ALEXANDRE VANNUCHI LEME,13.0
CL,IMACULADA CONCEICAO,13.0
PJ,MADRE NAZARENA,13.0
CS,SERRA DO MAR,13.0
CL,GIANFRANCESCO GUARNIERI,13.0
CL,PADRE JAIME,13.0
JT,ASSORAVIM,13.0
SA,VILLA CRIANCA FELIZ,13.0
IP,IRINEU MARINHO,13.0
PJ,BATISTA,13.0
PE,SAO NICOLAU,13.0
SA,CASA DOS CURUMINS,13.0
IP,AZIZ NACIB AB SABER,13.0
PE,JARDIM KERALUX,13.0
PJ,GUADALUPE,13.0
SM,CEC JARDIM ITAPOLIS,13.0
CL,JARDIM SAO BENTO,13.0
SA,PRESTES MAIA,13.0
BT,JOSE DE ALCANTARA MACHADO FILHO,13.0
JT,JOVA RURAL II,13.0
IP,HELIOPOLIS,13.0
PJ,GERACAO DE SAMUEL,13.0
JT,IASE,13.0
CL,QUADRANGULAR,13.0
PE,19 DE NOVEMBRO,13.0
CL,OBRA DO BECO - NOSSA VIDA NOSSA ARTE,13.0
IP,CENTRO EDUCACIONAL DOM ORIONE,13.0
PJ,JAIRO RAMOS,13.0
SA,PEDREIRA - MAR PAULISTA - GUACURI,13.0
IP,LAGOA,13.0
CL,OTONIEL MOTA,13.0
IP,PLACIDO DE SOUZA FILHO,13.0
MP,ACAS,13.0
SA,CIDADE JULIA,13.0
IP,ZILDA ARNS,13.0
BT,INSTITUTO BLANDINA,13.0
MP,SITIO DA CASA PINTADA - MOCA,13.0
SA,GROSSARL CAMPO GRANDE,13.0
CL,MAURO FACCIO GONCALVES - ZACARIA,13.0
PJ,VILA CUORE,13.0
IP,SANTA CRISTINA,13.0
IQ,CCA -JARDIM DAS ROSAS,13.0
SA,PARQUE SANTA AMELIA E ADJACENCIAS,13.0
IP,CASA DA CRIANCA SANTA ANGELA,13.0
IP,LUIZ GONZAGA DO NASCIMENTO JR. - GONZAGUINHA,13.0
MP,PEDRO FUKUYEI YAMAGUCHI FERREIRA,13.0
PJ,RECANTO DOS HUMILDES,13.0
IP,CASA DE SAO JOSE,13.0
JT,MUTIRAO JARDIM FONTALIS,13.0
CS,CONOSCO,13.0
JT,AQUARELA BIASI,13.0
SM,JARDIM LARANJEIRAS,13.0
MP,ENSINANDO E APRENDENDO / JARDIM SAO CARLOS,13.0
G,VILA PAULISTA,13.0
PE,BOM JESUS DO CANGAIBA,13.0
SA,DOM BOSCO,13.0
SA,ANTENOR NASCENTES,13.0
SA,VIDA E CONVIVENCIA,13.0
BT,RECANTO SANTA MONICA,13.0
CS,ARTE & EDUCACAO - ANCHIETA,13.0
PJ,SAL DA TERRA,12.0
FO,PARQUE BELEM,12.0
JT,ACM CENTRO DE SESENVOLVIMENTO COMUNITARIO VILA MARIA,12.0
CL,BANDEIRANTES E UNIVERSAL,12.0
PJ,NSE CENTRO SOCIAL CORACAO DE MARIA,12.0
FO,ELISA MARIA,12.0
JT,DRA ZILDA ARNS NEUMANN,12.0
BT,SANTA ROSA I,12.0
SM,NOSSA SENHORA DE GUADALUPE,12.0
CL,JARDIM IBIRAPUERA,12.0
PJ,AMIGOS DAS CRIANCAS DO SAO DOMINGOS,12.0
IQ,NOVO LAR BETANIA,12.0
MP,AMANHA-SER,12.0
PJ,JARDIM PIRITUBA,12.0
PJ,ALEGRIA DE VIVER,12.0
PJ,ELO DE AMOR,12.0
IP,CIDADE DO SOL / IMPERADOR,12.0
FO,CANARINHO,12.0
CL,SAO JOAQUIM,12.0
CL,SAO FRANCISCO,12.0
FO,JARDIM PRINCESA,12.0
IQ,SANTO ANTONIO II,12.0
CS,PARQUE FLORESTAL,12.0
JT,CEAS SANTA TERESINHA,12.0
PE,PALMARES,12.0
CL,DONA DIVA,12.0
PJ,SEMEANDO VIDAS VI,12.0
IQ,ARICANDUVA AMAP,12.0
CL,LAR SAO TIAGO,12.0
CL,MAE ADMIRAVEL,12.0
CL,CASA DA CRIANCA E DO ADOLESCENTE,12.0
SM,PADRE MOREIRA,12.0
JT,JOVA RURAL III,12.0
SA,REINO DA CRIANCA,12.0
FO,ANA MARIA,12.0
CS,JOSE RAMOS FILHO,12.0
PE,PADRE JOSE,12.0
SA,MIOSOTIS,12.0
CS,CRESCER II,12.0
SM,ANTONIO PREVIATO,12.0
IP,PADRE GREGORIO WESTRUPP,12.0
IP,SAO PATRICIO,12.0
JT,SOLID ROCK BRASIL II,12.0
SA,MADRE RITA AMADA DE JESUS,12.0
SA,CDC LEIDE DAS NEVES,12.0
JT,NOSSA SENHORA APARECIDA II,12.0
BT,NAIA,12.0
PJ,CAMILLE FLAMMARION,12.0
CS,GAIVOTAS,12.0
IP,JARDIM CLIMAX,12.0
PJ,BETSAIDA,12.0
SM,RODOLFO PIRANI,12.0
IQ,CASA DO CRISTO REDENTOR,12.0
IP,EDUCANDARIO SAGRADA FAMILIA,12.0
SA,CARLOS AUGUSTO DE QUEIROZ ROCHA,12.0
FO,MARY,12.0
SA,AME,12.0
CL,PEINHA,12.0
FO,SANTO EXPEDITO,12.0
SA,ANHANGUERA,12.0
SA,CENTRO SOCIL ESPERANCA,12.0
MP,CRIANCA CIDADA,12.0
BT,CASULO,12.0
FO,BEIJA FLOR,12.0
IP,PASCHOAL BIANCO,12.0
PJ,JARDIM BRITANIA,12.0
SM,SANTA MADALENA,12.0
PJ,FILHOS DA TERRA,12.0
PE,NUCLEO SOCIO EDUCATIVO NOSSO LAR,12.0
PJ,APAE - NUCLEO PIRITUBA,12.0
FO,PARQUE MANDY,12.0
CL,MARIO FITTIPALDI,12.0
SM,CEC EMILIA MENDES DE ALMEIDA,12.0
SM,DANIEL COMBONI V,12.0
MP,PARQUE SAO CARLOS,12.0
PE,VILA LONDRINA,12.0
IP,ESTACAO ADOLESCER,12.0
G,VILA PRINCESA IZABEL - 3 MILENIO,12.0
CL,FEITICO DA VILA,12.0
PE,PERSEVERANCA I,12.0
JT,JOVA RURAL I,12.0
CL,AGLAEZINHA,12.0
SA,SAO CARLOS,12.0
IP,GEORGINA DO CARMO MOREIRA,12.0
JT,SOLID ROCK VILA MEDEIROS,12.0
IQ,AMAS - VILA FORMOSA,12.0
IQ,SAO JOSE,12.0
PE,GOTAS DE ESPERANCA,12.0
FO,ACM NORTE,12.0
PE,SANTO ESTEVAO,12.0
FO,ENRICO GIUST,12.0
BT,ASA PRIMAVERA,12.0
CL,EUCLIDES DA CUNHA,12.0
PE,CES SAO FRANCISCO DE ASSIS,12.0
G,JOEL FERNANDES DE SOUZA,12.0
PJ,LAR DA CRIANCA,12.0
SA,CARMEM MENDES CONCEICAO,12.0
JT,DOM LUCIANO MENDES DE ALMEIDA,12.0
IP,BRINCAR DE VIVER,12.0
SM,VILA BELA,12.0
PJ,VILA FANTON,12.0
CS,TATIANA BELINKY,12.0
BT,JARDIM PAULO VI,12.0
SM,CONSTRUIR O AMANHA,12.0
BT,NOSSA SRA. DA PROVIDENCIA,12.0
SM,ARMANDO DE SALLES OLIVEIRA,12.0
SM,JARDIM SAPOPEMBA,12.0
PJ,SEMEANDO VIDAS V,12.0
IP,JOSE DO PATROCINIO,12.0
MP,RAUL PILLA,12.0
CS,FREI LEONEL,12.0
PJ,ALEGRIA E VIDA,12.0
JT,JARDIM BRASIL,12.0
MP,XICO ESVAEL,12.0
CL,ARCO,12.0
BT,SANTA ROSA II,12.0
SM,CEC CARRAOZINHO,12.0
IP,AMAS LIBERDADE,12.0
JT,MURIALDO,12.0
PE,SANTA MIRIAM,12.0
FO,THEO DUTRA,12.0
CL,JARDIM GUARUJA,12.0
CL,JARDIM ANA MARIA,12.0
CL,NOSSA SENHORA AUXILIADORA,12.0
MP,AMIGOS DA ESPERANCA,12.0
BT,SAO PAULO DA CRUZ,12.0
PJ,NOSSA SENHORA DOS REMEDIOS,12.0
PJ,PROF. JOSE HERCULANO PIRES I,12.0
IP,RECANTO GAETANO E CARMELA,12.0
CS,CASTRO ALVES,11.0
CS,LOURIVAL BRANDAO DOS SANTOS,11.0
PJ,CITY JARAGUA IV,11.0
CS,PLINIO MARCOS,11.0
SA,GAOS,11.0
PE,NOSSO LAR - TATUAPE,11.0
CS,SANTA MARCELINA,11.0
MP,NAZARETH VIDA NOVA,11.0
CL,CHACARA SONHO AZUL,11.0
CS,VARGEM GRANDE,11.0
CS,PEDRO GERALDO SCHUNCK,11.0
PJ,SANTA CLARA,11.0
IQ,JOSE BONIFACIO,11.0
JT,LAR BATISTA DE CRIANCAS,11.0
FO,MARIA CLARA MACHADO,11.0
CS,VILA RUBI,11.0
CL,JARDIM COIMBRA,11.0
CL,VINICIUS DE MORAES,11.0
PJ,JARDIM DA CONQUISTA,11.0
IP,CONSTRUINDO O FUTURO,11.0
IQ,MENINOS E MENINAS DO ABC AURORA,11.0
FO,CANDIDO PORTINARI,11.0
PE,CEC CRISTO REI,11.0
JT,JOAO PAULO I,10.0
FO,CRIANCA FELIZ,10.0
CL,CEDRO DO LIBANO II,10.0
CS,VARGEM GRANDE II,10.0
CL,AGUAS DE MARCO,10.0
PJ,JARDIM MONTE BELO,10.0
BT,JOAO XXIII,10.0
G,VILA MARILENA,10.0
CL,CEDRO DO LIBANO I,10.0
IP,NOSSA SENHORA DO CARMO,10.0
SA,GOTAS DE FLOR COM AMOR,10.0
MP,INSTITUTO SEVERINO FABRIANI PARA CRIANCAS SURDAS,10.0
IP,CRE-SER,10.0
SA,ALEGRIA,10.0
CS,JARDIM ELIANA,10.0
G,AYANDA - ADAO MANOEL DA SILVA,10.0
MP,ALPS,10.0
CL,ESTRELA NOVA,10.0
CL,ARRASTAO,10.0
SA,SETE PRAIAS,10.0
CL,MONTE AZUL,10.0
CS,CIDADE DUTRA,9.0
CS,ZUMBI DOS PALMARES,9.0
PJ,PAULO VI,9.0
CL,SAO GABRIEL,9.0
FO,FORHUM LAR,9.0
SM,JARDIM VERA CRUZ,9.0
IQ,SAO JOSE OPERARIO,9.0
CL,JARDIM MITSUTANI,9.0
CS,SANTA RITA DE CASSIA,9.0
FO,SANTA CRUZ,9.0
IP,BELA VISTA,9.0
FO,BOM JESUS,9.0
IQ,PIRATININGA,9.0
FO,MONTEIRO LOBATO,9.0
MP,PARQUE SANTA RITA,9.0
SM,DANIEL COMBONI I,9.0
CS,JARDIM SILVEIRA,9.0
PJ,RAINHA DA PAZ,9.0
SM,MARIA CURSI,9.0
IP,PARQUE BRISTOL,9.0
MP,ARCA DO SABER,9.0
PJ,JARDIM IPANEMA,9.0
SM,ALTO ALEGRE,9.0
G,VILA CRUZEIRO,9.0
PJ,RECANTO DOS HUMILDES I,9.0
JT,LAR PARAISO DAS CRIANCAS,8.0
CL,SAO SEBASTIAO,8.0
MP,JARDIM EVA,8.0
G,CIDADE TIRADENTES IV,8.0
SM,JARDIM COLONIAL,8.0
PJ,JAGUARE,8.0
CS,CANAL DO COCAIA,8.0
MP,AFRANIO PEIXOTO,8.0
SA,JARDIM AMERICANOPOLIS,8.0
SM,BENJAMIN CONSTANT,8.0
IQ,ANTONIO GONCALVES DIAS,8.0
FO,SANTA TEREZINHA,8.0
PE,JOAO MENDONCA FALCAO,8.0
SM,JARDIM TIETE,8.0
SA,CRUZ DE MALTA,8.0
JT,JOSE BONIFACIO DE ANDRADA E SILVA,8.0
MP,LUIZA HELENA DE BARROS,8.0
PE,BRAZ JAIME ROMANO,8.0
CS,PARQUE COCAIA II,8.0
SA,SANTA CECILIA,8.0
MP,GLOBO DO SOL,8.0
G,MAGDALENA TAGLIAFERRO,8.0
G,ESPACO KAIROS VIII,8.0
FO,CLARICE LISPECTOR,8.0
PJ,VILA ATLANTICA,8.0
MP,DILSON FUNARO,8.0
CS,SANTA LUZIA,8.0
PE,CAMINHANDO PARA O FUTURO,8.0
CS,CAMINHO DOS MARTINS,8.0
PE,ISA SILVEIRA LEAL,8.0
CS,GRAJAU,8.0
SA,GELOIRA DE CAMPOS,8.0
SA,TIAOZINHO,8.0
JT,EDUARDO CARLOS PEREIRA,8.0
FO,CORACAO MATERNO,8.0
IQ,ERNANI SILVA BRUNO,8.0
CL,CAMPO LIMPO VI,8.0
IP,ANGELO MARTINO,8.0
CS,VARGEM GRANDE I,8.0
PJ,SOL NASCENTE,8.0
FO,MENINO DEUS,8.0
SA,MAMAE,8.0
PJ,FILHOS DO REI,8.0
SA,PEDREIRA I,8.0
G,EDNA ALVES DE SOUSA PROFA,8.0
SM,NINI DUARTE,8.0
CL,PARQUE SANTO ANTONIO I,8.0
IP,FLORESCER,8.0
MP,ANTON MAKARENKO,8.0
IP,JOAO PAULO II,8.0
IP,CLARET,8.0
JT,VO XINHA,8.0
PJ,JARDIM PANAMERICANO,8.0
MP,JOSE DE ALENCAR,8.0
CL,CASA BLANCA,8.0
CS,SAO NORBERTO,8.0
PE,MARCILIO DIAS,8.0
MP,EPITACIO PESSOA,7.0
PJ,VILA ANGLO,7.0
SM,IGUATEMI,7.0
CL,ANISIO TEIXEIRA,7.0
CS,VIRIATO CORREIA,7.0
IP,CIDADE DO SOL,7.0
MP,GRACILIANO RAMOS,7.0
FO,PORTO NACIONAL,7.0
MP,J.G. DE ARAUJO JORGE,7.0
CL,VILA CALU I,7.0
JT,CENT COMUN JOAO PAULO I - NC CON ANTONIO TOZELLI,7.0
CS,NOSSA SENHORA DE FATIMA,7.0
PE,ALUISIO DE AZEVEDO,7.0
SA,VIRGILIO TAVORA,7.0
MP,SEVERINO DO RAMO,7.0
CL,PARQUE BOLOGNE,7.0
PE,GUILHERME RUDGE,7.0
PJ,CAMBALHOTA,7.0
CS,AURELIO BUARQUE DE HOLANDA FERREIRA,7.0
FO,CRECHE TIA LOURDES,7.0
MP,JARDIM CAMARGO NOVO,7.0
JT,ARTHUR ETZEL,7.0
IQ,SAO JOAO BATISTA,7.0
JT,FLAVIO IMPERIO,7.0
JT,CIDADE FERNAO DIAS,7.0
IQ,JARDIM SANTA TEREZINHA,7.0
G,JULIA SAPUCAIA,7.0
G,WILSON REIS SANTOS,7.0
SA,VILA SANTA CATARINA,7.0
FO,OLAVO BILAC,7.0
SA,RAUL JOVIANO DO AMARAL,7.0
IP,GABRIEL PRESTES,7.0
SM,APARECIDA CANDIDA DOS SANTOS DE JESUS - DONA CIDICA,7.0
IP,BETTY LAFER,7.0
IP,QUINTAL DA CRIANCA,7.0
BT,PEDROSO DE MORAES,7.0
CS,SERGIO CARDOSO,7.0
MP,CLEMENCIA FERREIRA DA SILVA,7.0
JT,MARGARETH DE FATIMA MARQUES DE AZEVEDO,7.0
SM,MARIO DE ANDRADE,7.0
IP,JOSE VERISSIMO,7.0
IP,OTAVIO JOSE DA SILVA JUNIOR,7.0
JT,DINA KUTNER DE SOUZA - DINA SFAT,7.0
IP,ALBERTO DE OLIVEIRA,7.0
PJ,ANTONIO RAPOSO TAVARES,7.0
IQ,JARDIM VILA NOVA,7.0
G,TOMAS GALHARDO,7.0
CL,JOAQUIM MANUEL DE MACEDO,7.0
PE,TOMAS ANTONIO GONZAGA,7.0
JT,MARIA ISABEL PACHECO DE ALMEIDA RIBEIRO,7.0
PE,QUINTINO BOCAIUVA,7.0
CS,JARDIM SAO BERNARDO,7.0
MP,ANTONIO LAPENNA,7.0
CS,JARDIM MYRNA,7.0
G,RODRIGUES DE ABREU,7.0
SA,JARDIM APURA,7.0
JT,ANA NERI,7.0
BT,TIDE SETUBAL,7.0
CS,PARQUE BRASIL,7.0
IQ,FLORINDA ROBERTO QUEIROZ DE CASTRO,7.0
IQ,JOSE DUARTE,7.0
SM,EDER SADER,7.0
SM,MANOEL FIEL FILHO,7.0
MP,ORMINDA PINTO,7.0
CS,LUIS TRAVASSOS,7.0
CL,ARACY DE ALMEIDA,7.0
CL,PAULO ZINGG,7.0
JT,AMAS TUCURUVI,7.0
SM,RACHEL MESQUITA DE SALLES OLIVEIRA,7.0
SA,BORBA GATO,7.0
SM,JARDIM DA CONQUISTA II,7.0
PJ,PEDRO DE TOLEDO,7.0
SM,MANOEL DE ALVARENGA FREIRE JUNIOR PROF,7.0
CL,MORUMBI,7.0
CL,ANDORINHA DOS BEIRAIS,7.0
G,VALDIR AZEVEDO,7.0
IQ,JOAO RUBENS MARCELO,7.0
SM,DANTON CASTILHO CABRAL,7.0
PE,IBIAPABA MARTINS,7.0
PJ,RICARDO GONCALVES,7.0
BT,ALUISIO DE ALMEIDA,7.0
CL,MITSUTANI,7.0
CL,CARLOS DE LAET,7.0
IQ,RONALD DE CARVALHO,7.0
IP,QUINTA DAS PAINEIRAS,7.0
SA,NEUSA MARIA ROSSI,7.0
PE,LEONARDO ARROYO,7.0
CS,SAO FRANCISCO DE ASSIS,7.0
SM,FRANCISCO ADAUTO RODRIGUES,7.0
SM,CECILIA MEIRELLES,7.0
IQ,MIROEL SILVEIRA,7.0
CS,ANGELO KRETA,7.0
BT,ANTONIO BENTO,7.0
PE,PEDRO BRASIL BANDECCHI,7.0
MP,MARECHAL TITO,7.0
SA,TRAVESSA DOS SONHOS,7.0
CS,JARDIM LUCELIA,7.0
IP,AFONSO CELSO,7.0
IP,SANTO DIAS DA SILVA,7.0
IP,LICEU,7.0
PJ,JULIO ALVES PEREIRA,7.0
BT,OSCAR PEDROSO HORTA,7.0
SM,BIELZINHO I,7.0
CS,JARDIM NOVO PARELHEIROS I,7.0
CL,BARBARA HELIODORA GUILHERMINA DA SILVEIRA,7.0
IP,LIBERDADE,7.0
PJ,JORGE AMADO,7.0
CL,CHACARA SANTA MARIA,7.0
PE,EVARISTO DA VEIGA,7.0
CS,JOSE ROSCHEL CHRISTI - JUCA ROCHA,7.0
SA,CIDADE ADEMAR III,7.0
FO,JULIO DE MESQUITA FILHO,7.0
BT,RIO PEQUENO I,7.0
FO,DULCE HAUCK,7.0
IP,PATRICIA GALVAO,7.0
BT,MONTE CASTELO,7.0
FO,FELIPE MESTRE JOU,7.0
PJ,ANTONIO MUNHOZ BONILHA,7.0
IQ,NAJLA CURI IZAR,7.0
CS,VILA NATAL,7.0
IP,JOAO THEODORO,7.0
PJ,MARIA JOSE DUPRE,7.0
IP,ANTONIO FRANCISCO LISBOA,7.0
SM,CLOVIS BEVILACQUA,7.0
SA,FRANCISCO MANUEL DA SILVA,7.0
SM,VICENTE DE CARVALHO,7.0
FO,NAIR CORREA BUARQUE,7.0
SM,JOSE CLEMENTE PEREIRA,7.0
IQ,BEGONIA REAL,7.0
IP,PAULO FREIRE,7.0
G,AMACIO MAZZAROPI,7.0
CL,RUBENS NASCIMENTO DA SILVA - MEXICANO,7.0
G,SAMUEL WAINER,7.0
FO,7 DE SETEMBRO,7.0
PJ,RODOLFO TREVISAN,7.0
FO,25 DE JANEIRO,7.0
MP,DORALICE PEREIRA DE SOUZA LEONARDO,7.0
PJ,PEROLA ELLIS BYINGTON,7.0
FO,ECUMENICO STO EXPEDITO,7.0
SM,JARDIM PREMIANO,7.0
IP,DELFINO AZEVEDO,7.0
PE,MARIA LACERDA DE MOURA,7.0
FO,CAIO GRACO DA SILVA PRADO,7.0
CL,ANTONIO DE PADUA,7.0
G,CARLOTA PEREIRA DE QUEIROZ,7.0
SM,VILA FLAVIA,7.0
PJ,JARDIM JARAGUA,7.0
PE,MARY BUARQUE,7.0
BT,BUTANTA,7.0
SM,ATAULFO ALVES,7.0
MP,PARQUE SANTA RITA I,7.0
CL,JARDIM UMARIZAL,7.0
CS,MARIALICE MENCARINI FORACCHI,7.0
IP,BRENNO FERRAZ DO AMARAL,7.0
JT,JOSE JOAQUIM DA SILVA,7.0
IP,VILA EMA,7.0
SM,FELIPE DOLIVEIRA,7.0
CL,PERIMETRAL I,7.0
SM,JESUINA NUNES BARBOSA,7.0
CL,CATULO DA PAIXAO CEARENSE,7.0
CS,NELSON MANDELA,7.0
SA,MACHADO DE ASSIS,7.0
SA,ELOYSE I,7.0
FO,MANUEL BANDEIRA,7.0
PE,CASPER LIBERO,7.0
MP,LEILA DINIZ,7.0
IP,BOM RETIRO,7.0
IQ,VILA VERDE,7.0
IP,BATISTA CEPELOS,7.0
CL,DOLORES DURAN,7.0
PJ,ESTRADA TURISTICA DO JARAGUA,7.0
FO,MANOEL PRETO,7.0
IP,SAO PAULO,7.0
PJ,PARADA DE TAIPAS,7.0
IP,OSWALDO CRUZ,7.0
SM,CARMEM MIRANDA,7.0
CS,JARDIM GAIVOTAS,7.0
CL,MARIO SETTE,7.0
SM,CHIQUINHA GONZAGA,7.0
PJ,ESTRADA DO CORREDOR,7.0
CL,ROBERTO BURLE MARX,7.0
G,PAULO CAMILHIER FLORENCANO,7.0
PJ,JEAN PIAGET,7.0
FO,ANTONIO CALLADO,7.0
PE,MARIO GRACIOTTI,7.0
SM,JOSE MAURO DE VASCONCELOS,7.0
IQ,FORMOSA,7.0
MP,TRES PONTES,7.0
IP,ANTONIO FIGUEIREDO AMARAL,7.0
CL,NOSSA SENHORA APARECIDA,7.0
SA,CRUZ E SOUSA,7.0
IP,ICAMI TIBA,7.0
CS,CLARA NUNES,7.0
PE,FERNANDO SABINO,7.0
CL,SANTA EDWIGES,7.0
G,ELISA KAUFFMANN ABRAMOVICH,7.0
FO,MARTINS FONTES,7.0
G,ODUVALDO VIANA FILHO,7.0
PE,NENE DO AMANHA,7.0
PJ,ZELIA GATTAI,7.0
PJ,OLIVEIRA LIMA,7.0
IQ,JARDIM MARILIA,7.0
CL,LUIS DA CAMARA CASCUDO,7.0
SA,LAUDO FERREIRA DE CAMARGO,7.0
CL,GEORGE SAVALLA GOMES - CAREQUINHA,7.0
PE,CASA DA CRIANCA,7.0
CS,NOVA AMERICA,7.0
BT,CLYCIE MENDES CARNEIRO,7.0
SM,ELIS REGINA,7.0
SA,JARDIM MARIA LUIZA,7.0
PE,RODRIGO SOARES JUNIOR,7.0
JT,CARLOS GOMES,7.0
PE,ROBERTO VICTOR CORDEIRO,7.0
CL,PIRAJUSSARA,7.0
CL,ASSIS CHATEAUBRIAND,7.0
SM,ORIGENES LESSA,7.0
CS,JARDIM IDEAL,7.0
JT,LUIS GAMA,7.0
MP,UNIAO DE VILA NOVA I,7.0
CL,JARDIM KAGOHARA I,7.0
FO,ROSA E CAROLINA AGAZZI,7.0
SA,ARTHUR BAPTISTA DA LUZ,7.0
IQ,FRANCISCO ROQUETTI,7.0
FO,ANITA GARIBALDI,7.0
IP,ARMANDO DE ARRUDA PEREIRA,7.0
CL,PARQUE FIGUEIRA GRANDE I - ANDRE LUIZ JANUARIO,7.0
SA,AYRTON SENNA DA SILVA,7.0
PJ,AFONSO SARDINHA,7.0
CL,FRANCISCA JULIA DA SILVA,7.0
IQ,NOSSA SENHORA DO DIVINO PRANTO,7.0
CS,MARIA EUGENIA FAKHOURY,7.0
PJ,FERNANDO DE AZEVEDO,7.0
IQ,GLAUBER ROCHA,7.0
PJ,CONJ. RESIDENCIAL ELISIO TEIXEIRA LEITE,7.0
IP,JOAQUIM ANTONIO DA ROCHA,7.0
CS,CARLOS DRUMMOND DE ANDRADE,7.0
SM,JARDIM HELENA,7.0
CS,ORLANDO VILLAS BOAS,7.0
CL,CONJ. HABITACIONAL VALO VELHO,7.0
JT,9 DE JULHO,7.0
CS,JOAO CANDIDO,7.0
MP,MARIA QUITERIA,7.0
CL,GUARAPIRANGA,7.0
G,LAJEADO II,7.0
PE,SILVIO ROMERO,7.0
JT,RAIO DE SOL - AMELIA DINIZ ANTAS,7.0
JT,MARINA NOGUEIRA DE SOUZA MARTINS,7.0
PJ,SANTOS DUMONT,7.0
SM,CHARLES CHAPLIN,7.0
PJ,JARDIM FELICIDADE,7.0
FO,JARDIM MONJOLO I,7.0
PE,ALFREDO DA ROCHA VIANA FILHO - PIXINGUINHA,7.0
SM,ADEVALDO DE MORAES,7.0
FO,BATUIRA,7.0
SM,PESTALOZZI,7.0
PE,CORNELIO PIRES,7.0
CL,JARDIM NOVO SANTO AMARO - ALICE ALVES MARTINS,7.0
CL,DINAH SILVEIRA DE QUEIROZ,7.0
IQ,GLEBA DO PESSEGO,7.0
PE,AUGUSTO FROEBEL,7.0
CL,JANETE CLAIR,7.0
BT,FERNANDO PESSOA,7.0
CS,LUIZ GONZAGA DO NASCIMENTO - GONZAGAO,7.0
FO,VICENTE PAULO DA SILVA,7.0
IQ,CIDADE A E CARVALHO,7.0
G,ANTONIO PEREIRA LIMA,7.0
FO,BERTHA LUTZ,7.0
MP,LOURO ROSA,7.0
BT,PERO NETO,7.0
SA,VANDA COELHO DE MORAES,7.0
IP,HEITOR VILLA LOBOS,7.0
MP,OVIDIO DECROLY,7.0
G,MUNDO NOVO,7.0
G,JARDIM SAO PAULO,7.0
SA,CASIMIRO DE ABREU,7.0
PJ,EURIPEDES SIMOES DE PAULA,7.0
SM,ALFREDO VOLPI,7.0
PJ,CARMEN DA SILVA,7.0
IQ,CONJ. HABITACIONAL GOITI,7.0
IP,MONTESE,7.0
SA,SERGIO DUARTE MAMBERTI,7.0
JT,SAVA POPOVIC,7.0
BT,EMIR MACEDO NOGUEIRA,7.0
FO,ABELARDO GALDINO PINTO - PIOLIN,7.0
PJ,NOEMIA IPPOLITO,7.0
SM,CONJ. HABITACIONAL SAO FRANCISCO,7.0
CL,ANGENOR DE OLIVEIRA - CARTOLA,7.0
IP,MAE ACHIROPITA,6.0
FO,FREGUESIA DO O,6.0
PJ,SANTA MARINA,6.0
IQ,KALIXTO MENDES II,6.0
G,JARDIM SOARES II,6.0
G,OLGA BENARIO PRESTES,6.0
MP,CANTINHO DO TIO ESTEVAM,6.0
MP,LILIANE SANTANA,6.0
JT,DOCE INFANCIA IV,6.0
PE,CENTRO DE ASSISTENCIA SOCIAL BRAS MOOCA I,6.0
CL,JARDIM DOM JOSE I - RAQUEL TRINDADE,6.0
JT,CORA CORALINA,6.0
MP,CHACARA DONA OLIVIA,6.0
IP,SAO BENTO,6.0
MP,ODILIA ALVES ALMEIDA SANTOS,6.0
G,GERALDO MAGELA PERON,6.0
BT,TRES PASTORINHOS,6.0
G,VICENTE MATHEUS,6.0
CS,LUIZA SOPHIA ROSCHEL,6.0
CS,SAO LUCAS,6.0
PE,PENHA,6.0
G,LETICIA RIBEIRO PORTO,6.0
SM,PACHECO GATO,6.0
G,SERGIO LESSA DA FONSECA,6.0
IQ,ARICANDUVA,6.0
MP,SAO MIGUEL,6.0
IP,BARONESA DE LIMEIRA,6.0
FO,CONSOLATA,6.0
SA,ESPERANCA,6.0
G,MARIA MONTESSORI,6.0
IQ,VALE DOS SONHOS,6.0
G,ANJO RAFAELA,6.0
CS,NAVEGANTES,6.0
MP,VILA AIMORE,6.0
MP,CENTRO SOCIAL MARISTA ROBRU,6.0
CS,SANTA RITA,6.0
CL,CARMELO CALI,6.0
CS,JARDIM KIOTO,6.0
JT,CASA BATISTA DA AMIZADE,6.0
CS,MARCIA KUMBREVICIUS DE MOURA,6.0
PJ,EMMANUEL FILHO,6.0
PJ,MORRO DOCE,6.0
CL,ALICE ALVES,6.0
JT,CAROLINA MARIA DE JESUS,6.0
CL,JARDIM SAO LUIZ II,6.0
IP,SUZANA CAMPOS TAUIL,6.0
MP,JARDIM LAPENNA I,6.0
CL,PARQUE SANTO ANTONIO,6.0
CS,JARDIM IPORANGA,6.0
IQ,PARQUE DO CARMO,6.0
G,MARGARIDA MARIA ALVES,6.0
CL,JARDIM ANGELA - TULA PILAR FERREIRA,6.0
JT,NOVO MUNDO,6.0
CL,JARDIM KLEIN,6.0
PE,CIRANDA CIRANDINHA,6.0
CL,VILA DO SOL I,6.0
IQ,BIELZINHO,6.0
CL,CAMPO LIMPO,6.0
IP,CANTINHO DOS TESOUROS,6.0
CL,JARDIM DAS PALMAS,6.0
PJ,PINHEIRINHO DAGUA,6.0
PE,SHAMMAH KIDS,6.0
MP,CAMINHO DOURADO,6.0
MP,JOSE DIAS PEQUENO PRINCIPE,6.0
G,NOSSA SENHORA DE LOURDES,6.0
PE,KALIXTO MENDES,6.0
CL,JARDIM MACEDONIA,6.0
CL,PEIXINHO DE OURO,6.0
CL,IRAPARA,6.0
PE,CRISTAL,6.0
SM,JARDIM IMPERADOR,6.0
IQ,PARQUE SAVOY CITY,6.0
G,ELIZA BOTELHO BYINGTON,6.0
CL,LAZARA VEIGA CATELLANI,6.0
SM,RIO CLARO,6.0
MP,JARDIM RUTH,6.0
SA,CAMINHO DO MAR,6.0
CL,PARQUE DO LAGO,6.0
PJ,CORETO DE TAIPAS,6.0
MP,RECANTO DOS SONHOS,6.0
CL,JARDIM SAO LUIZ I,6.0
G,ADONIRAN BARBOSA,6.0
CL,ELIANA E SUA TURMINHA II,6.0
CS,O SEMEADOR,6.0
PE,JARDIM DA ALEGRIA,6.0
G,NEIDE KETELHUT,6.0
MP,PEQUENOS CRISTAIS,5.0
IP,CANTINHO DO BRYAN,5.0
MP,JARDIM CAMARGO VELHO,5.0
PJ,SONHO NOSSO,5.0
BT,LAR PAULO DE TARSO,5.0
PJ,CRIANDO SONHOS,5.0
PJ,BENEDITO BUENO,5.0
PE,JOSE MARIA,5.0
IQ,TATU BOLINHA,5.0
CS,PAULO FRANCISCO SECKLER PUCCA,5.0
IP,SAGRADA FAMILIA - ADBM,5.0
JT,JARDIM DOS PEQUENINOS,5.0
PE,CARMEN DIVA MARTINS,5.0
PJ,BERNARDO MENDES,5.0
SA,BRINCAR,5.0
MP,JARDIM SAO MARTINHO,5.0
MP,NOVO CRUZEIRO,5.0
PJ,LE COM CRE,5.0
JT,VILA GUSTAVO,5.0
G,EFIGENIA ANGELO GUILHERME,5.0
SA,ANNABEL FORMIGA,5.0
PE,VILA SILVIA,5.0
CS,NUCLEO JD DOS ALAMOS,5.0
PE,DIVINA PROVIDENCIA,5.0
SA,VOVO PAULINA,5.0
MP,BABY MARAVILHA II,5.0
PJ,PRIMEIRO PASSO,5.0
MP,VISAO EDUCATIVA,5.0
CS,CANAA,5.0
CL,WALTHER SOMMERLATH,5.0
G,ESPACO KAIROS KANOE,5.0
CL,PARQUE NOVA SANTO AMARO,5.0
IP,SAO BERNARDO,5.0
PE,GALILEU MENON,5.0
IP,ELOHIM ADONAI IV,5.0
PJ,ANJO FELIZ,5.0
BT,CIDADE DE GENEBRA,5.0
PE,ELOHIM,5.0
FO,VILA NOVA ESPERANCA,5.0
FO,MARIA HENRIQUE DE LIMA,5.0
IQ,CANTINHO DA LAURINHA,5.0
CS,ESTRELA DA MANHA,5.0
SA,PRISCILLA TELLES SIQUEIRA BALOTTA DE OLIVEIRA UNIDADE XI,5.0
IP,RUGRATS OS ANJINHOS II,5.0
G,ELZA NEGRO,5.0
SM,SANTO DIAS,5.0
CS,RECANTO DOS NAVEGANTES,5.0
MP,ESTRELA CADENTE,5.0
JT,FERNAO DIAS,5.0
G,QUERUBINS DA VITORIA,5.0
CS,PAOLA,5.0
IP,MONUMENTO,5.0
CL,ELFRIDA ZUKOWSKI JARDIM,5.0
PJ,ALFA E OMEGA,5.0
FO,VINTE E SEIS DE JULHO,5.0
CL,JARDIM MONTE AZUL,5.0
CL,JARDIM ROSA MARIA,5.0
CL,NOSSA SENHORA DO CAMINHO I,5.0
MP,JARDIM NAZARE,5.0
CS,MARIA DA CONCEICAO SANTANNA,5.0
PJ,CANTINHO VILA PERUS,5.0
IQ,LUZ DO TERCEIRO MILENIO I,5.0
SM,SANTA DULCE DOS POBRES,5.0
JT,SEMENTINHA DO AMANHA,5.0
SM,TEOTONIO VILELA,5.0
JT,DOCE INFANCIA II,5.0
IP,SITIO CARAGUATA,5.0
SA,CORACAO DO SOL,5.0
BT,LAR INFANTIL - ASA,5.0
CL,PENTAGRAMA V,5.0
SA,MONT SINAI,5.0
SA,SAGRADO CORACAO DE JESUS,5.0
IP,EDUCANDO,5.0
G,SEMEANDO O BEM II,5.0
CL,BOA ESPERANCA III,5.0
IQ,IMPERIO DAS CRIANCAS,5.0
JT,ASBEN III,5.0
IQ,JOAO FERNANDES IV,5.0
IP,LEAOZINHO,5.0
G,LUZ DO MUNDO,5.0
PJ,CISNE ENCANTADO CEI,5.0
IP,PAULA MARIA,5.0
JT,TIA HILDA DA SILVA,5.0
MP,CANTINHO DE LUZ,5.0
CL,ABILIO CESAR,5.0
SA,CRE SER III,5.0
PJ,EDNA LOUREIRO,5.0
PE,SAN MINIATO,5.0
IQ,JOAO BENTO DE CARVALHO,5.0
CL,PARQUE FERNANDA,5.0
IP,BELEM,5.0
SM,FILHOS DE BETEL ACAM,5.0
IP,LIU SHIE LIN,5.0
JT,VILA CONSTANCA,5.0
PE,TUTULANDIA,5.0
CS,JARDIM TRES CORACOES,5.0
SM,MATERNA,5.0
PE,VILA SAO FRANCISCO,5.0
FO,DOMINGOS DELGADO,5.0
SA,SANTA CATARINA III,5.0
G,JARDIM DA INFANCIA,5.0
SA,CRI ACAO III - ACQUARELA,5.0
CS,PEQUENOS GENIOS III,5.0
JT,FUTURO BRILHANTE V,5.0
CS,PAULINOEVA,5.0
IQ,LUGAR DE ALEGRIA,5.0
IQ,DIRCE MIGLIACCIO,5.0
FO,JULIA NORBERTO,5.0
PE,JOCELYNE LOUISE CHAMUSEAU,5.0
SM,QUINTAL DO BRINCAR,5.0
PJ,JARDIM RODRIGO,5.0
PJ,CATARINA KENTENICH CENTRO EDUCACIONAL CRECHE,5.0
CL,VILA PRAIA,5.0
PJ,QUERUBINS DA VITORIA II,5.0
IP,MARIA ANTONIETA DE CASTRO,5.0
PE,DIAMANTES,5.0
IP,IVETTE ATALLAH,5.0
IQ,JEOVA RAFA,5.0
CS,MARIA AMELIA GONCALVES,5.0
MP,ELZA VILLELA,5.0
SA,CELESTINA STEWARD,5.0
SA,NOSSAS CRIANCAS II,5.0
IQ,ESPACO CRIANCA REVERENDO EZEQUIAS DOS SANTOS,5.0
BT,DOM EMILIO PIGNOLI,5.0
CL,CASA BLANCA I,5.0
CL,MARIA IZABEL,5.0
MP,MUNDO ENCANTADO III,5.0
G,CIA DOS SONHOS III,5.0
MP,ESPACO DA COMUNIDADE VII,5.0
PE,HORIZONTE AZUL,5.0
G,LUCIA HELENA PRADO BARRETO,5.0
FO,CANTINHO DA SERRA II,5.0
IP,ZEZINHO,5.0
CL,JARDIM TRES ESTRELAS,5.0
CL,JARDIM NAKAMURA,5.0
MP,JORGE JONES,5.0
SM,PARQUE SANTA MADALENA,5.0
MP,VO ESTER II,5.0
CL,JARDIM AURORA,5.0
PJ,PIRITUBA,5.0
PE,KALIXTO MENDES III,5.0
PE,RELUZ,5.0
PE,MARIA AUGUSTA,5.0
CL,ANDAGUACU,5.0
IP,ANNA CANDIDA BRASIL NAVARRO,5.0
FO,OTAVIO RODRIGUES,5.0
CS,MALVINA FENUCHI,5.0
JT,CAMINHAR E PRECISO I,5.0
CL,PAULINO BRANCO MARTINS,5.0
CL,PAZ E ESPERANCA,5.0
MP,SONHO LINDO,5.0
CL,COHAB ADVENTISTA,5.0
SA,FILHOS DO SOL,5.0
CS,ALICE DE SOUZA LIMA,5.0
SM,ANUNCIACAO FERREIRA II,5.0
IQ,ABC AURORA II,5.0
JT,ESPERANCA PARA TODOS I,5.0
JT,MENSAGEM DE PAZ TERESA LISIEUX,5.0
FO,AGUA VIVA,5.0
MP,VO ZEFINHA,5.0
G,KADOSH,5.0
PE,BIJUJU,5.0
SM,PRINCESA LORENA,5.0
SA,DONA BELA,5.0
JT,MAURICIO GOMES,5.0
PJ,GUSTAVO DE SOUZA DORIGHELLO,5.0
SA,CRE SER I,5.0
CL,VOVO LOURIVAL,5.0
SA,LAR DA BENCAO DIVINA,5.0
MP,SAMARITANINHOS III,5.0
PJ,NOSSO ENCANTO,5.0
IQ,ESPACO DA COMUNIDADE VI,5.0
SA,NOSSAS CRIANCAS,5.0
CL,PAULO FONTAO FERRAZ,5.0
BT,MARIA TEREZA DE MACEDO COSTA,5.0
IP,LIRIO DA PAZ,5.0
JT,MARIA DA GLORIA BAUMGART,5.0
IQ,SANTA TEREZA,5.0
SM,CRESCENDO COM ATITUDE,5.0
PE,PRINCIPE DA PAZ,5.0
SM,MUNDO COLORIDO,5.0
CL,MUNDO ENCANTADO DA CRIANCA,5.0
CL,CRISTO LIBERTADOR II,5.0
G,MARINA MILLIET KIEHL,5.0
JT,IGEVE CONCHILIA,5.0
CL,OLIVEIRA,5.0
MP,CAMINHO DA FELICIDADE,5.0
FO,JARDIM DAMASCENO,5.0
IQ,PLENO VIVER II,5.0
SA,ABAYOMI II,5.0
MP,FLOR DO AMANHA,5.0
PE,PIMPOLHO,5.0
CL,JARDIM SOUZA,5.0
BT,LEON ALEXANDR,5.0
PJ,MENSAGEM DE PAZ,5.0
G,JARDIM SANTA ETELVINA,5.0
IP,EDUCADOR PAULO FREIRE,5.0
SM,ONDACAIMA,5.0
BT,CASA DA INFANCIA DO MENINO JESUS,5.0
G,ESPACO KAIROS VI,5.0
SM,FONTE DOS SONHOS,5.0
FO,JARDIM DOS FRANCOS,5.0
SA,IGUALDADE,5.0
PE,MARIA RITA,5.0
SA,THEREZINHA PIMENTEL PUCCA,5.0
CL,DONIZETE,5.0
IQ,CARRAO II,5.0
SM,ELIEL ROSA,5.0
IQ,ESPACO DA COMUNIDADE IV,5.0
CL,BRILHO DE LUZ II,5.0
SA,NOSSAS CRIANCAS - III,5.0
MP,CENTRO SOCIAL MARISTA IRMAO JUSTINO - CESOMAR,5.0
IP,JERICO,5.0
FO,CANTINHO DOS ANJOS,5.0
SA,PEQUENOS GENIOS-ESTRELA,5.0
MP,MENINOS DE OURO,5.0
CL,DONIZETE II,5.0
SM,NOSSA SENHORA DA PROVIDENCIA,5.0
G,PRISCILLA TELLES SIQUEIRA BALOTTA DE OLIVEIRA V,5.0
SM,DIVINEIA,5.0
IQ,ASAS DE ALGODAO,5.0
PJ,AQUARELA,5.0
CL,FAZENDA PEDRO E MARIA V,5.0
MP,MAYARA,5.0
IP,LAR DO AMOR CRISTAO,5.0
SA,HELENA IRACY JUNQUEIRA,5.0
CL,PEDRO E MARIA II,5.0
IP,JARDIM DA VOVO ANA,5.0
CL,PEROBEIRAS,5.0
CL,CAMINHAR VI,5.0
BT,PINHEIROS,5.0
SA,HENRIQUE FERNANDES,5.0
MP,CENT RECUP EDUC NUTRICIONAL II - CREN,5.0
FO,NANY APPLE KIDS,5.0
CL,HELENA CABRAL DE VASCONCELLOS FERRAZ,5.0
CL,CAMINHAR,5.0
CL,PARQUE SANTA MARGARIDA,5.0
IP,ESPACO DA COMUNIDADE XII,5.0
IQ,LINA E O BALAO,5.0
IP,FLOR DE LOTUS,5.0
PE,SAO VITO,5.0
SM,JARDIM ROSELY,5.0
CS,PEDRO HENRIQUE SIQUEIRA LIMA,5.0
CS,JARDIM SOMARA,5.0
IQ,CORDEIRINHOS DE CRISTO II,5.0
CS,PROJETO ANCHIETA,5.0
G,RAFA GIRE IV,5.0
SA,ANGELA MARIA FERNANDES,5.0
SM,SOL DO MEIO DIA II,5.0
SM,SANTA ANGELA,5.0
PE,PEQUENA LUZ,5.0
FO,PRISCILLA TELLES SIQUEIRA BALOTTA DE OLIVEIRA XIII,5.0
CL,PAULO E ADMAR,5.0
IP,CENTRO SOCIAL DA CRIANCA,5.0
SM,GOTA DE ESPERANCA V,5.0
G,ACOLHER I,5.0
CS,PARQUE AMERICA,5.0
PJ,NOSSA TURMA,5.0
SM,GOTA DE ESPERANCA IV,5.0
JT,LUZ DO SABER,5.0
SM,LUIZ GONZAGA DO NASCIMENTO JR.,5.0
PJ,EVA LUIZA ROSA,5.0
JT,MARIO DA COSTA BARBOSA,5.0
CL,SOLAR DOS UNIDOS II,5.0
SM,MARANATA II,5.0
MP,SONHO MAGICO,5.0
CS,JOVELINA ALVES FEITOZA,5.0
IQ,ESTRELINHA FELIZ,5.0
CL,AQUARELA DO SABER,5.0
SA,PARQUE DOROTEIA,5.0
IQ,DAMARIS CASTILHO,5.0
CL,NOSSA SENHORA DO CAMINHO II,5.0
IP,CASA DOM GASTAO,5.0
CL,JARDIM LUZITANIA,5.0
PJ,CARROSSEL,5.0
FO,QUERUBIM,5.0
JT,CEREJEIRAS,5.0
PE,ERA UMA VEZ,5.0
SA,LOURDINHA PINHEIRO II,5.0
IQ,SORRISOS DE CRIANCA,5.0
PJ,CANTINHO DA IMAGINACAO III,5.0
CL,JARDIM MARIA ALICE,5.0
PJ,JOAO PE DE FEIJAO,5.0
BT,NOSSO LAR II,5.0
CS,JARDIM REPUBLICA,5.0
IQ,DAMARIS CASTILHO II,5.0
FO,ALPS CACHOEIRINHA,5.0
IP,ACONCHEGO,5.0
PJ,ELISIO TEIXEIRA LEITE,5.0
PJ,SONHO ENCANTADO,5.0
PJ,PE COM PE,5.0
PJ,FILHOS DA FE,5.0
JT,VILA BASILEIA,5.0
G,BARBARA HELIODORA,5.0
BT,ESTRELINHAS DE PARAISOPOLIS,5.0
BT,SANTA TEREZA DE JESUS,5.0
IP,JARDIM CLIMAX II,5.0
IP,ESPACO KAIROS LIVIERO,5.0
JT,JARDIM SAO PAULO I,5.0
CL,MARITEL II,5.0
CS,PARELHEIROS,5.0
IQ,OLHAR INOCENTE,5.0
JT,JARDIM DAS PEDRAS,5.0
CL,ABELHINHA DOURADA I,5.0
CL,ESPERANCA DO SABER,5.0
SA,PEDREIRA,5.0
IP,MINERVINO RODRIGUES FERREIRA,5.0
IP,KANDINSKY - DIOGO NOMURA,5.0
CS,BRAZ E MARIA,5.0
IP,KATATAU,5.0
G,PEQUENINOS BRILHANTES,5.0
IQ,CARAMINHOLAS,5.0
JT,JOAQUIM SOUZA,5.0
PE,WENCESLAU GUIMARAES,5.0
IP,CRIACAO DE VALOR,5.0
JT,ASBEN SEKOIA,5.0
PE,BRINCAR E SORRIR,5.0
CL,JARDIM DOS REIS,5.0
CL,TERRA NOSSA,5.0
SA,MANTO AZUL,5.0
PJ,MISERICORDIA I,5.0
IQ,AGUIA DE HAIA,5.0
CL,ACUCENA JORGE LIAN,5.0
JT,TAPIRAI,5.0
BT,CHACARA DO JOCKEY,5.0
SA,MARIA ESTEFANO MALUF,5.0
JT,VILA MEDEIROS,5.0
IQ,ERINICE SIQUEIRA TRUBER,5.0
CL,SANTO ANTONIO - JARDIM DOM JOSE,5.0
CL,PEDRO SOBRINHO,5.0
G,ANJO RAFAELA II,5.0
PJ,SAO PEDRINHO,5.0
CS,JARDIM NOVO PARELHEIROS,5.0
JT,CAMINHO DO FUTURO,5.0
CL,CIA DOS SONHOS II,5.0
CS,LAURA PRADO,5.0
PJ,PALAVRA CANTADA,5.0
SM,COMUNIDADE FELIZ CRECHE,5.0
IP,NOVE DE JULHO,5.0
JT,JOAO DIAS,5.0
FO,MENSAGEM DE PAZ - KAROL WOJTYLA,5.0
CS,ANNABEL,5.0
G,CRIANDO RAIZES,5.0
IP,ESTACAO KIDS,5.0
CL,PENTAGRAMA II,5.0
IP,SAO JUDAS TADEU,5.0
SM,PIPAS II,5.0
PJ,RECANTO FELIZ,5.0
IQ,MAIS LEVE QUE O AR,5.0
CL,TURMA DA TOUCA VI,5.0
CL,PENTAGRAMA III,5.0
CL,MAE ZAZA - NUCLEO II,5.0
CL,SAO JOSE OPERARIO I,5.0
MP,LAPIS DE COR,5.0
MP,BERTELIM JESUS MOREIRA,5.0
PJ,REGINA SIMOES,5.0
JT,SAVIC,5.0
CL,ALICE ALVES II,5.0
MP,CIDADE PEDRO JOSE NUNES,5.0
G,FAZENDA DO CARMO,5.0
CL,CRISTO LIBERTADOR I,5.0
CL,ESPACO CRIANCA,5.0
SM,ESPERANCA E VIDA,5.0
PJ,SANTA CATARINA,5.0
CS,AS PRINCESAS,5.0
IP,KURT LENHARD,5.0
SM,HAVILAH,5.0
CS,VALENTINA FERREIRA,5.0
JT,ANA MAE BARBOSA,5.0
FO,VILA RICA,5.0
PJ,EDUCAR BRINCANDO,5.0
SM,JARDIM VILA CARRAO,5.0
PE,MEU LARZINHO,5.0
FO,LAR DA VITORIA,5.0
MP,ALGODAO DOCE,5.0
MP,CORES E DIVERSAO,5.0
JT,MARIA HENRIQUETA CATITE,5.0
CL,BOA ESPERANCA I,5.0
PE,AMERICO DE SOUZA,5.0
CL,DONA DIVA I,5.0
SA,CARROSSEL ENCANTADO,5.0
FO,REGGIO EMILIA,5.0
PE,SAO LUIZ,5.0
PE,PARI,5.0
SA,VOVO MIRA,5.0
IP,JOSEFA JULIA,5.0
JT,PEROLA BYINGTON,5.0
SM,PEQUENINOS DO AMANHECER,5.0
G,ESPACO KAIROS IV,5.0
SA,BEM TE VI,5.0
SA,VILA ERNESTINA,5.0
MP,VO ESTER,5.0
JT,EDITE FERNANDES,5.0
PJ,GABRIELA MISTRAL,5.0
CL,ARTE DE APRENDER,5.0
JT,BIANCA BABY,5.0
JT,HORTO FLORESTAL,5.0
SM,PEQUENOS DA AMERICA,5.0
SA,MONT SINAI III,5.0
JT,PEDRO APOSTOLO,5.0
JT,RAIO DE SOL III,5.0
G,BARRO BRANCO III,5.0
FO,JARDIM MONTE ALEGRE,5.0
IQ,AVENTUREIROS MIRINS,5.0
IP,BRAZILIA LACERDA DE ARRUDA BOTELHO,5.0
PJ,EVA LUIZA ROSA II,5.0
IQ,ARAUCARIAS,5.0
JT,RAIO DE SOL II - MESTRE PAULO FREIRE,5.0
CL,GIRASSOL,5.0
PJ,SANTANA,5.0
MP,ESPACO DA COMUNIDADE VIII,5.0
IQ,MONTE CARMELO II,5.0
IP,LAR NOSSA SENHORA DA CONSOLACAO,5.0
SA,NAIR TADIELLO GRACIOSO,5.0
CL,MAREZINHA,5.0
JT,JARDIM FONTALIS I,5.0
MP,PROJETO DE VIDA,5.0
BT,SAO LUIS GONZAGA,5.0
SM,ANTONIO ASSUNCAO FERREIRA,5.0
MP,ESPACO VIDA CRIATIVA II,5.0
MP,INFANCIA FELIZ III,5.0
SM,ARCO IRIS ENCANTADO,5.0
IQ,PRO-EDUCAR,5.0
PJ,APRENDENDO A VIVER,5.0
PE,VOVO BERNARDO JOSE FRANCA,5.0
CL,ANTONIO NUNES,5.0
SM,GLEBA SAO FRANCISCO,5.0
SA,CANTINHO COLORIDO I,5.0
PE,SAMIR RACHID SALIBA,5.0
PE,TIQUATIRA II,5.0
IP,JOSE NELSON DE OLIVEIRA E FREITAS,5.0
G,ESPACO KAIROS IX,5.0
FO,CANTINHO DA SERRA III,5.0
IQ,ESPACO BABY,5.0
FO,VILA BRASILANDIA,5.0
IP,CARDECI MARTINS,5.0
SM,NOVO HORIZONTE,5.0
MP,SER FELIZ IV,5.0
CL,NOSSA SENHORA DA PAZ,5.0
SM,GOTA DE ESPERANCA VII,5.0
CL,ESPERANCA PARA TODOS II ARACATI,5.0
PE,PIRILAMPO,5.0
CS,JARDIM BELA VISTA,5.0
PE,CASA DOS INOCENTES,5.0
MP,PEQUENOS BRILHANTES,5.0
PE,VILA FELIZ,5.0
G,CHICA DA SILVA,5.0
PE,DOCE ENCANTO,5.0
CL,CAMINHAR VIII,5.0
MP,ESPACO DA COMUNIDADE IX,5.0
SM,PASSO A PASSO II,5.0
PE,VERA CRUZ,5.0
BT,CASA DA PEQUENA IVETE,5.0
PJ,GRANDE PRINCIPE,5.0
CL,NOSSA SENHORA RAINHA DA PAZ,5.0
PJ,JARDIM DAS ORQUIDEAS,5.0
PE,MONTE SERRAT,5.0
JT,AMAS AGUA FRIA,5.0
JT,JARDIM DO SABER,5.0
CL,SAGRADA FAMILIA,5.0
SM,TEOTONIO VILELA II,5.0
FO,JARDIM CENTENARIO,5.0
JT,PARQUE NOVO MUNDO,5.0
IP,RUGRATS OS ANJINHOS VIII,5.0
BT,REFERENCIA,5.0
IP,RUGRATS - OS ANJINHOS III,5.0
SM,ESTRELA DALVA,5.0
CS,A MAO COOPERADORA - NUCLEO VILA NATAL,5.0
PE,LUIZ DEDA,5.0
PJ,GENTE INOCENTE,5.0
CL,CAMPO LIMPO IV,5.0
MP,TALENTOS DO FUTURO,5.0
PE,MARIA THEREZA DE MELLO MORORO,5.0
MP,RAIO DE ESPERANCA,5.0
PJ,PEQUENINO SONHADOR,5.0
SM,ANA ELISABETH,5.0
PE,ADONAI,5.0
JT,ESTRELA GUIA,5.0
IQ,UNIAO,5.0
SA,MAE OPERARIA,5.0
SM,SONHO DE CRIANCA,5.0
SA,RITA VITORIANA,5.0
JT,CARLOS EDUARDO TUCO,5.0
MP,JARDIM SILVA TELLES,5.0
IP,VILA ALPINA,5.0
IP,OLGA LOPES MALAGRINE,5.0
CL,MACEDONIA III,5.0
CL,SANT ANA,5.0
PE,RECANTO DOS PEQUENINOS,5.0
IQ,REI DAVI,5.0
G,IASHUA,5.0
CL,MEU CANTINHO,5.0
SA,PRISCILLA TELLES SIQUEIRA BALOTTA DE OLIVEIRA UNID XII,5.0
IQ,PEQUENO PRINCIPE,5.0
IP,COLHEITA DE ESPERANCA,5.0
CL,DANDINHA,5.0
SA,PE DE MOLEQUE,5.0
SM,VICTORIA,5.0
FO,FAZENDINHA,5.0
CL,SEMENTINHA DO AMOR,5.0
IP,EURIDICE FERREIRA DE MELO,5.0
SA,VILA MISSIONARIA,5.0
IQ,JOAQUIM ALENCAR SEIXAS,5.0
FO,PARQUE PERUCHE,5.0
MP,HORIZONTES DO SABER,5.0
MP,AVIVAH,5.0
SA,GOVERNADOR MARIO COVAS,5.0
JT,CORACAO DE LEAO II,5.0
IP,CORACAO DE MARIA,5.0
CL,CAMINHAR COM AMOR III,5.0
PJ,MARIO MARTINS,5.0
SM,JARDIM SANTO ANDRE,5.0
IP,CLUBE DAS LETRINHAS,5.0
BT,PRIMEIRO LAPIS III,5.0
SA,CANTINHO DA CRIANCA,5.0
PJ,SEGUNDA ESTACAO,5.0
CL,A NOSSA CASA DA CRIANCA,5.0
JT,LIMA BARRETO II,5.0
SA,MONT SINAI I,5.0
MP,ESTRELAS BRILHANTES,5.0
PE,MONTE CARMELO,5.0
CS,JARDIM ICARAI,5.0
CL,BRYAN BIGUINATI JARDIM,5.0
FO,CRIA,5.0
PE,BRILHO NO OLHAR,5.0
SA,JABAQUARA,5.0
CL,DESCOBRINDO O AMANHA,5.0
CL,CECILIA MARIA II,5.0
FO,ALAMEDA DO BEBE,5.0
JT,RUGRATS OS ANJINHOS V,5.0
SM,PERSEVERANCA VIII,5.0
JT,JARDIM GUANCA,5.0
JT,LIMA BARRETO,5.0
CS,TIO TUTA,5.0
BT,NOITE ENCANTADA VII,5.0
PJ,ANA ISABEL,5.0
JT,PARQUE NOVO MUNDO II,5.0
MP,AMOR ETERNO,5.0
CL,NOSSA SENHORA MAGLAC II,5.0
IQ,ESTRELA DOURADA,5.0
PJ,MARIA ANTONIA DE SOUZA,5.0
BT,PEQUENOS DO BUTANTA IV,5.0
CL,SANTA MARIA GORETE,5.0
CS,JARDIM GUANABARA,5.0
G,JOCELYNE GUIMARAES FERNANDES DE MELLO,5.0
SM,RAIO DE LUZ,5.0
PE,VILA CONSTANCIA,5.0
CL,JOSE CLAUDIO VIEIRA,5.0
IP,ACONCHEGO II,5.0
IP,SANTA TERESA,5.0
PJ,ALEGRIA DE APRENDER E CRIAR,5.0
SM,ASSOC UNIAO DA JUTA,5.0
MP,SAMARITANINHOS II,5.0
PJ,CONSTRUINDO O FUTURO II,5.0
IP,CAMPO BELO,5.0
SM,ANTONIO ALVES DE ARAUJO,5.0
IP,NOSSA SENHORA MAE DA IGREJA,5.0
JT,JARDIM ENCANTADO,5.0
IQ,JACARANDA,5.0
IP,JULIO CESAR DE AGUIAR,5.0
PJ,CHACARA INGLESA,5.0
CS,JARDIM MONTE VERDE,5.0
SM,PASSO A PASSO,5.0
PE,PARQUE BOTURUSSU,5.0
JT,LAR BIBI MONTEIRO,5.0
MP,ALPS JARDIM ROBRU,5.0
SM,ESPACO DA COMUNIDADE X,5.0
IQ,UNIVERSO DA CRIANCA III,5.0
CL,JARDIM CAPELA,5.0
FO,TODAS AS CORES,5.0
MP,MONTANHA DO SABER I,5.0
JT,FUTURO BRILHANTE IV,5.0
SA,ELOYSE II,5.0
JT,ADELAIDE LOPES RODRIGUES,5.0
IQ,VOVO GIM,5.0
PE,VOVO DEDE,5.0
CL,CASTILHO II,5.0
JT,ASBEN II,5.0
CL,AUGUSTO DE OLIVEIRA,5.0
G,VOVO LIDIA I,5.0
MP,CURUCA VELHA,5.0
SM,ASSMA CURIATI,5.0
BT,PIXINGUINHA,5.0
CL,CAMINHAR VII,5.0
IP,RUACH,5.0
SM,SANTO ANTONIO,5.0
PE,TATUAPE,5.0
PE,ANTONIA MUOTRI LAMBERGA,5.0
SA,LORENA RODRIGUES,5.0
CS,PARQUE GRAJAU,5.0
CS,MARGARIDA BRITO FARIAS SILVA II,5.0
MP,TAPAJOS,5.0
PJ,NOVA ESPERANCA,5.0
G,VIVER E APRENDER,5.0
MP,ANJO CAMAEL,5.0
CS,VOVO MARIAZINHA ROCHA,5.0
FO,ARTE E CRIANCA,5.0
SM,FLORESTA ENCANTADA,5.0
G,BOM E SER CRIANCA,5.0
CL,CASA PADRE RAFAEL,5.0
CL,CIA DOS SONHOS I,5.0
JT,LAUZANE PAULISTA,5.0
SA,LAR DO PEQUENO SAMARITANO,5.0
CS,TIA DORA,5.0
MP,VILA CURUCA II,5.0
IQ,JOAO FERNANDES II,5.0
JT,AIDA CONCEICAO PITTOL DA SILVA,5.0
JT,JARDIM JAPAO,5.0
PE,PENHA - BOM JESUS,5.0
CL,BOA ESPERANCA II,5.0
SA,ARCO-IRIS,5.0
MP,LUKINHA,5.0
IQ,SANTA MARCELINA CENTRO INFANTIL CRECHE,5.0
BT,RECANTO DA ALEGRIA III,5.0
MP,SAMARITANINHOS VIII,5.0
CS,SAN BENEDETTO,5.0
MP,EMILIA INES,5.0
JT,FRIDA KAHLO,5.0
BT,ROBERTO ARANTES LANHOSO,5.0
PJ,APRENDENDO COM ALEGRIA,5.0
IP,SAO VICENTE PALLOTTI,5.0
CL,ROSA MARIA,5.0
CS,JARDIM DAS IMBUIAS II,4.0
MP,CHACARA DOS SONHOS,4.0
JT,SAO FRANCISCO XAVIER,4.0
G,JESUS REI III,4.0
G,ESPACO KAIROS VII,4.0
IP,DOS ANJOS,4.0
CL,PEQUENOS GENIOS,4.0
JT,FUTURO BRILHANTE VI,4.0
FO,PARQUE MANDI,4.0
CS,VENHA CONOSCO UNIDADE V,4.0
PJ,FAMILIA MONTE BELO,4.0
G,EFRAIM,4.0
SA,SANTO AMARO,4.0
G,FAZENDA DO CARMO II A,4.0
CS,PEQUENOS GENIOS TOPAZIO,4.0
FO,JARDIM ITAGUACU,4.0
CL,PEDRO E MARIA III,4.0
G,ESTRELINHAS DO FUTURO II,4.0
MP,INFANCIA COM AFETO,4.0
MP,ITAJUIBE,4.0
FO,JARDIM MONJOLO,4.0
BT,SANTO AGOSTINHO - ASA,4.0
G,CONJ. PRESTES MAIA,4.0
IQ,VILA SANTA TERESINHA,4.0
PJ,CHAQUIBE FANDI KALIL,4.0
SA,SAN AGOSTINO,4.0
CL,CEDRINHO II,4.0
PJ,CONCEICAO ROSA,4.0
G,LAR FELIZ,4.0
IQ,CIDADE A. E. CARVALHO II,4.0
PJ,PERUS I,4.0
SM,SAO ROBERTO,4.0
PE,JARDIM MATARAZZO,4.0
MP,MARLENE AMORIM DA SILVA E SILVA,4.0
SM,PRINCESA LIVIA,4.0
CL,PENTAGRAMA I,4.0
FO,TEREZINHA DE JESUS,4.0
SM,JARDIM PRIMAVERA,4.0
SM,ALPHA BABY II,4.0
CL,PRINCESA THAYNNA,4.0
G,PLENO VIVER,4.0
CL,GOTINHAS DO SABER,4.0
PE,CAMINHANDO PARA O FUTURO II,4.0
PE,SEMENTINHA DO SABER,4.0
G,MARILIA DE DIRCEU,4.0
JT,RAIO DE SOL V,4.0
G,MUNDO DOS SONHOS III,4.0
SM,ROKINHO,4.0
CL,MARIA NELE,4.0
PE,LAURA VICUNA,4.0
SM,PARQUE SAO RAFAEL II,4.0
G,ESPACO KAIROS X,4.0
JT,NAIR SALGADO,4.0
G,ZACARIA MAURO FACCIO GONCALVES,4.0
MP,CDHU ITAIM A,4.0
PJ,ESPACO DA CRIANCA II,4.0
MP,CATAVENTO,4.0
FO,HAYDEE BARRETO FERRARA,4.0
IQ,JOAO FERNANDES VII,4.0
CL,PAULO COCHRANE SUPLICY,4.0
PJ,SO FELICIDADE,4.0
MP,JARDIM MAIA,4.0
CS,JACOMO TATTO - JARDIM DAS CEREJEIRAS,4.0
FO,JARDIM PRIMAVERA I,4.0
FO,JARDIM VISTA ALEGRE,4.0
SA,PRINCESA ISABEL III,4.0
IQ,CRISTO REDENTOR,4.0
SM,PASSO A PASSO III,4.0
IP,INOCOOP IPIRANGA,4.0
FO,PRINCESINHA,4.0
MP,REFERENCIAL,4.0
SA,CANTINHO COLORIDO II,4.0
PJ,LINDA INFANCIA,4.0
IP,CANTINHO IRMAOS NATALI,4.0
PJ,UNIVERSIDADE DA CRIANCA,4.0
SA,BRINCANDO COM A GENTE,4.0
G,VOVO LIDIA III,4.0
IQ,JOAO FERNANDES X,4.0
MP,BABY MARAVILHA,4.0
FO,ARY BARROSO,4.0
CL,PEDRO E MARIA IV,4.0
CL,ADAIL TINI DE ARAUJO,4.0
PE,SEMENTINHA DO BEM,4.0
IQ,VALENTES DE DEUS,4.0
MP,VENTURA BRANCO,4.0
PE,KALIXTO MENDES IV,4.0
JT,CORUJINHA ENCANTADA,4.0
G,ENCANTADO II,4.0
CL,HENRI WALLON,4.0
CL,JARDIM UMUARAMA,4.0
IQ,INGRID VITORIA,4.0
G,ROSEIRA II,4.0
IP,SIMONE AGNALDA FERREIRA,4.0
G,JOAO E MEL,4.0
IP,ESPACO DA CRIANCA IV,4.0
CS,MARINA VILLARES DA SILVA NOVAES,4.0
MP,SER FELIZ II,4.0
SA,LOURDINHA PINHEIRO IV,4.0
G,JESUS MENINO III,4.0
PE,VIVA,4.0
MP,JARDIM DOS SONHOS,4.0
PJ,NOSSA SENHORA DA ANUNCIACAO,4.0
SM,TABOR,4.0
MP,EDUCARTE,4.0
JT,CIDADE NOVA DO PARQUE NOVO MUNDO,4.0
PE,IZABEL CRECHE,4.0
MP,IRENE RAMALHO,4.0
CL,SAO FRANCISCO DE ASSIS - VALO VELHO,4.0
IP,RUGRATS OS ANJINHOS IX,4.0
IP,13 DE MAIO,4.0
PE,MARINHO DE ASSIS TOLEDO,4.0
BT,DELFINA MARQUES JARDIM,4.0
SA,VIDA E ALEGRIA,4.0
PJ,VILA REGINA,4.0
PJ,ESPACO DA CRIANCA III,4.0
JT,VILA GUILHERME,4.0
MP,CRIANCA DA GENTE,4.0
IQ,PITAGORAS,4.0
JT,GIGI TOMAZELLI WIAZOWSKI,4.0
MP,HOREBE,4.0
BT,PRIMEIRO LAPIS II,4.0
SM,JARDIM COLORADO,4.0
BT,CLARA PUGLIESE RODRIGUES,4.0
IP,PATATIVA DO ASSARE,4.0
G,UNIVERSO DA CRIANCA I,4.0
FO,CASA VERDE - WALTER ABRAHAO,4.0
CS,VENHA CONOSCO UNIDADE II,4.0
PE,EDNA ROSELY ALVES,4.0
MP,ESPACO KAIROS II,4.0
IQ,CULTIVANDO SABERES,4.0
G,JARDIM WILMA FLOR,4.0
PJ,PIQUERI - SAO FRANCISCO,4.0
G,PRISCILLA TELLES SIQUEIRA BALOTTA DE OLIVEIRA III,4.0
SM,JARDIM ANGELA,4.0
IQ,SUKKOT,4.0
FO,APRENDER E CRESCER,4.0
FO,JARDIM DAMASCENO II,4.0
SM,ZION,4.0
G,SMILES,4.0
SM,PLANETA COLORIDO,4.0
BT,PEQUENOS DO BUTANTA,4.0
JT,TIA ALZIRA,4.0
PE,VILA UNIAO,4.0
IQ,VILA CHUCA,4.0
CL,CAMINHOS DO AMANHA,4.0
FO,MENSAGEM DE PAZ - FRANCESCO FORGIONE,4.0
IP,HELENA DA SILVA TEIXEIRA,4.0
SM,RUBEM ALVES,4.0
G,BOAVENTURA I,4.0
MP,CAMINHO FELIZ,4.0
SA,AMOR PERFEITO,4.0
PE,CONSTRUIR E IMAGINAR,4.0
CS,SANTA MARGARIDA,4.0
PJ,SEMEAR PARA O FUTURO,4.0
PE,SEMEANDO SABER,4.0
G,UNIVERSO DOS PEQUENINOS,4.0
FO,JARDIM TEREZA,4.0
SM,CANTINHO MAGICO,4.0
SM,ELZA SOARES,4.0
PJ,JOSE JOAQUIM DE SANTANA,4.0
PE,BEM MAIOR,4.0
MP,ESPACO DA COMUNIDADE I,4.0
CL,CAPAO REDONDO I,4.0
FO,LOBATINHO,4.0
MP,VILA JOIA,4.0
CL,CEDRINHO I,4.0
JT,JOSEPHINA SANTOS MAIA,4.0
FO,ATITUDE DE CRIANCA,4.0
IP,TALITHA KUMI,4.0
IQ,TAMOIO,4.0
MP,CONSTRUINDO O SABER,4.0
IQ,CAMPANELA,4.0
JT,CHACARA BELA VISTA,4.0
MP,TIO LUIZ,4.0
CL,NOVA AURORA,4.0
FO,DERCILA BASTOS,4.0
IP,ESPACO DA CRIANCA EMILIE DE VILLENEUVE,4.0
SA,VO MARIA,4.0
G,LAR SEMENTES DE PAZ,4.0
BT,CORUJINHA II,4.0
PE,JARDIM CASTELO,4.0
CL,RANC II,4.0
SM,PINTANDO O SETE,4.0
MP,CRIANCA NOSSO BEM MAIOR,4.0
CL,BRISA ANDRADE II,4.0
FO,ELOHIM ADONAI II,4.0
IQ,JARDIM ELIANE,4.0
PE,VOVO MARINA,4.0
PJ,JARDIM DOS ANJOS,4.0
FO,PINGO DE ROSA,4.0
PJ,RAQUEL ZUMBANO ALTMAN,4.0
FO,VILA NOVA CACHOEIRINHA,4.0
FO,CURUMIM,4.0
MP,BALTAZAR SANTANA,4.0
MP,DESCOBRINDO TALENTOS,4.0
MP,JACUI II,4.0
CS,CASA BRANCA,4.0
PJ,LUIS CARLOS ELO DE AMOR,4.0
SA,CANTINHO DA PAZ II,4.0
SA,MASCOTE II,4.0
IQ,CARLOS EDUARDO BARRETO,4.0
IP,VILA MONUMENTO,4.0
MP,MANUEL RODRIGUES SANTIAGO,4.0
MP,LUZ DA SABEDORIA,4.0
SA,BALNEARIO MAR PAULISTA,4.0
SM,DENTE DE LEITE,4.0
BT,NOSSO LAR I,4.0
BT,YVONE MALUHY JOSEPF SABGA,4.0
G,SOL EMILIO DE OLIVEIRA,4.0
MP,VILA SANTA INES,4.0
CL,PARQUE IPE,4.0
G,AVES GALHANI,4.0
IP,JERUSALEM,4.0
BT,FAZENDO ARTE,4.0
FO,JARDIM SANTA TEREZA,4.0
SM,REINO ENCANTADO GEGE,4.0
CL,ELODI MARIA DAMACENA,4.0
PJ,PARQUE DAS NACOES,4.0
CL,PARQUE FIGUEIRA GRANDE,4.0
JT,ESTRELA DO AMANHA,4.0
BT,RECANTO DA ALEGRIA IV,4.0
MP,ESTRELA AZUL,4.0
SM,ONDACAIMA I,4.0
G,VICENTE MACHADO,4.0
SM,SOL DO MEIO DIA,4.0
CL,COMPANHIA DOS SONHOS,4.0
PJ,JARDIM RINCAO,4.0
IP,APARECIDA DAS GRACAS SILVA ROSEIRA,4.0
G,ELITE,4.0
FO,TERRITORIOS DO BRINCAR,4.0
SA,CRI-ACAO,4.0
MP,VIVER E CRESCER,4.0
IQ,CANTINHO DO SABER,4.0
CL,CANTINHO DA RAFA,4.0
JT,DOCE INFANCIA III,4.0
IP,NOSSA SENHORA DAS MERCES,4.0
CL,SANTA ESCOLASTICA,4.0
G,MARIA JOSE DA SILVA SANTOS,4.0
PE,PEQUENO POLEGAR,4.0
CL,VIDA E CULTURA,4.0
CL,CASTILHO,4.0
FO,RAQUEL DE QUEIROZ,4.0
CS,VO CHICA,4.0
G,PEQUENA ISADORA,4.0
MP,CARMELINA PEREIRA DE BRITO,4.0
G,ARTE DE BRINCAR,4.0
IQ,CIDADE LIDER,4.0
IP,PITANGUEIRAS,4.0
JT,SIGNE CARLSON,4.0
IP,BETEL,4.0
SM,JOANA ALVES II,4.0
PJ,SANTA MONICA,4.0
IQ,NERIVALDO LEAL,4.0
G,BEM QUERER III,4.0
IQ,CONJUNTO JOSE BONIFACIO,4.0
CL,VALQUIRIA DO NASCIMENTO CAETANO,4.0
G,TIA ELISA,4.0
JT,COHAB SONDA II ROSE VALEZIN,4.0
PJ,BRUNA MIRANDA,4.0
CL,SANTA THERESINHA,4.0
SA,GILEADE,4.0
G,ADENIVO MENDES DE AQUINO,4.0
FO,OLHAR DE CRIANCA,4.0
IQ,GOTA DE ESPERANCA II,4.0
PE,ANNA FLORENCIO ROMAO,4.0
CS,ACAO SOCIAL LARGO 13 - ALMEIDA PRADO,4.0
G,VO NICE I,4.0
MP,HARARATE,4.0
CL,MARIA CLARA ALVES,4.0
IQ,PLENO VIVER IV,4.0
IP,CACHOEIRA DE SAO BENEDITO,4.0
SA,LOURDINHA PINHEIRO,4.0
CS,YOJIRO TAKAOKA,4.0
PJ,ALZIRA MENDES,4.0
IP,PARQUE FONGARO,4.0
G,ESPACO KAIROS III,4.0
FO,SHALLOM,4.0
IP,NORA AULER DE ARRUDA BOTELHO,4.0
SA,SOL FELIZ,4.0
MP,ROSA SABAG ADDAS,4.0
PJ,VILA NOVA JAGUARE,4.0
G,PEQUENOS PENSADORES II,4.0
MP,PAULO CESAR FONTELLES DE LIMA,4.0
CL,SAO PEDRO,4.0
CS,JARDIM TANAY,4.0
IP,DOCE MEL II,4.0
CL,ANGLICANA BERNARDO GIACOMINI GONCALVES,4.0
G,ALEGRIA E SABEDORIA II,4.0
FO,BOAVENTURA IV,4.0
PJ,TOCA DO COELHO,4.0
PE,SHAMMAH,4.0
G,NOVA ALIANCA II,4.0
SA,CARMEN RODRIGUES,4.0
BT,IPE,4.0
IQ,INFANCIA FELIZ II,4.0
MP,PEQUENO ANJO,4.0
CL,AURINDO DOS SANTOS FREIRE,4.0
SM,MAE DA ESPERANCA,4.0
BT,ESTRELINHAS DO JARDIM JAQUELINE,4.0
PE,ME NINAR,4.0
BT,NOITE ENCANTADA VI,4.0
IQ,ANA MARIA NACINOVIC CORREA,4.0
FO,COMO NOSSOS PAIS,4.0
PE,VILA LIBANESA,4.0
MP,BERNARDO SANTANA,4.0
SA,TIO ABILIO,4.0
IQ,MARIA LUIZA AMERICANO,4.0
PJ,LAPA,4.0
PE,MOOCA,4.0
PE,ALASTAIR QUINTAS GONCALVES,4.0
IP,INEZ MENEZES MARIA,4.0
IP,ENEDINA DE SOUSA CARVALHO,4.0
JT,MARIA AUXILIADORA DA SILVA,4.0
G,QUATRO PILARES DA EDUCACAO II,4.0
IQ,JOAO FERNANDES I,4.0
CL,BRISA ANDRADE,4.0
FO,BRINCANDO TAMBEM SE APRENDE,4.0
CL,JARDIM KAGOHARA,4.0
IQ,MUNDO MAGICO,4.0
IQ,GARRA FEMININA,4.0
SM,JARDIM TRES MARIAS I,4.0
SA,MUNIR ABBUD,4.0
MP,SAMARITANINHOS VI,4.0
SA,PALMIRA DOS SANTOS ABRANTE,4.0
G,JULIA E JR,4.0
PJ,BARRA MANTEIGA,4.0
FO,SHALLOM II,4.0
FO,BONA VITTA,4.0
IP,PRIMEIRA INFANCIA,4.0
G,VOVO MARIA JULIA,4.0
MP,UNIAO DE VILA NOVA II,4.0
IP,PONTE PEQUENA,4.0
FO,OIKOS,4.0
CL,PAZ E ESPERANCA II,4.0
MP,BRINCAR PARA CRESCER,4.0
PE,MAE DA DIVINA PROVIDENCIA,4.0
FO,VILA NINA,4.0
SM,CRESCENDO COM ATITUDE II,4.0
BT,NOITE ENCANTADA II,4.0
G,FLOR DE LIS,4.0
CS,JOAO ROSCHEL KLEIN,4.0
SM,CELIA PERES SUNHIGA,4.0
PE,VILA DIVA,4.0
BT,MAE DE DEUS,4.0
FO,RECRIAR,4.0
CS,JARDIM LEBLON,4.0
BT,MARIA DE LOURDES FERRARINI,4.0
CL,PEQUENAS TURQUESAS II,4.0
SM,BRINCANDO E APRENDENDO,4.0
CL,PEQUENAS TURQUESAS III,4.0
PE,PARQUE DAS PAINEIRAS,4.0
MP,SAMARITANINHOS I,4.0
CS,SAN LAZZARO,4.0
PE,TIA NARA,4.0
SM,INEZITA BARROSO,4.0
IP,ESPACO DA LOTUS,4.0
G,JULIO FRANCISCO DE SOUZA III,4.0
CL,CIA DOS SONHOS VI,4.0
FO,ANJO AZUL,4.0
IQ,DOROTHY STANG,4.0
IQ,VOVO SEBASTIAO SIQUEIRA,4.0
IQ,RECANTO JOANA,4.0
CL,FILHOS DE DAVI,4.0
FO,SHADDAI,4.0
BT,RECANTO DA ALEGRIA I,4.0
FO,NOSSA SENHORA DAS DORES II,4.0
PE,PROJETO RAIZES,4.0
IQ,EUGENIO FRANCISCO DE SANTANA,4.0
BT,SAO BENEDITO,4.0
IQ,GOITI,4.0
FO,DOZE DE OUTUBRO,4.0
JT,OSVALDO MOREIRA,4.0
SM,APRENDENDO BRINCANDO,4.0
IP,CAMARA MUNICIPAL DE SAO PAULO,4.0
SM,NOVA GERACAO,4.0
SM,PAROQUIA SAO MATEUS APOSTOLO,4.0
CL,NOVO IPE I,4.0
JT,VILA MARIA ALTA,4.0
SM,CIA DOS SONHOS VII,4.0
PJ,ESTRELAS DO AMANHA,4.0
SM,JARDIM SAPOPEMBA III,4.0
IP,ANJO GABRIEL NATALI,4.0
PE,JARDIM SAO NICOLAU,4.0
PJ,CARINHO,4.0
BT,JARDIM ARPOADOR,4.0
SA,JARDIM LUSO,4.0
CL,MADRE TERESA DE CALCUTA,4.0
MP,CONJUNTO HABITACIONAL SAO MIGUEL,4.0
CL,JARDIM MARIA SAMPAIO,4.0
SM,GOTA DE ESPERANCA VI,4.0
BT,ESTRELINHAS DO BUTANTA II,4.0
SA,EMILIO ANTONIO DE CARVALHO,4.0
CS,CENTRO ASSISTENCIAL SANTANA,4.0
CL,MANGA ROSA,4.0
FO,PRISCILLA TELLES SIQUEIRA BALOTTA DE OLIVEIRA,4.0
FO,QUERUBIM II,4.0
CS,CANTINHO DO CRESCIMENTO,4.0
SM,CONJUNTO HABITACIONAL APOMI,4.0
G,ALPS-VILA IOLANDA,4.0
SA,LUZ DO SABER - II,4.0
MP,JARDIM DAS CAMELIAS,4.0
CS,ANA PAULA ANDRADE,4.0
CL,CAFU,4.0
PE,ALFAZEMAS I,4.0
BT,NOITE ENCANTADA III,4.0
IQ,JOAO FERNANDES VIII,4.0
IP,MIGUEL AFONSO DE OLIVEIRA,4.0
G,VOVO ANNA GOMES,4.0
FO,PRISCILLA TELLES SIQUEIRA BALOTTA DE OLIVEIRA X,4.0
JT,LEAO XIII,4.0
PE,JARDIM COTINHA,4.0
SM,JARDIM ANA ROSA,4.0
BT,COHAB RAPOSO TAVARES,4.0
PE,MUNDO INFANTIL,4.0
CS,VELEIROS,4.0
MP,JARDIM CAMPOS,4.0
IP,BRINCARTE,4.0
CL,REINO DO CARINHO,4.0
FO,NELSON BREVE,4.0
SM,EDUCADORES EM FOCO,4.0
CS,MAE DO BOM CONSELHO,4.0
FO,FRANCESCO PERSIANI,4.0
MP,VILA PROGRESSO,4.0
IQ,CASA DO CRISTO III,4.0
PJ,JARDIM MUTINGA,4.0
IQ,VILA CARMOSINA,4.0
CL,SOSSEGO DA CRIANCA,4.0
PJ,ANALIA FRANCO,4.0
FO,TIRIRILANDO,4.0
IQ,BENCAO E PAZ,4.0
MP,CAMELIAS,4.0
G,IGEVE GUAIANASES RABACAL,4.0
CL,DAS OLIVEIRAS,4.0
G,RAFA GIRE II,4.0
G,PINGOS DE AMOR,4.0
IP,AMORA,4.0
JT,PARQUE EDU CHAVES,4.0
PE,SALESIANA DOMINGOS SAVIO,4.0
IQ,PARQUE GUARANI,4.0
BT,NOSSA SENHORA DOS POBRES,4.0
MP,CEI NINHO ALEGRE,4.0
PE,AMOR DIVINO,4.0
SM,BEM ME QUER,4.0
CL,ISSA KURBHI,4.0
FO,CT VIDA KIDS I,4.0
G,VOVO NELSAO,4.0
PJ,ESTRELINHA DOURADA,4.0
IP,ITALO BRASIL PORTIERI,4.0
MP,ESTRELINHAS DE DAVI,4.0
SA,O PEQUENO SEAREIRO,4.0
MP,ESTACAO CRIANCA,4.0
JT,AMOR DE TATI,4.0
IQ,JOAO FERNANDES XI,4.0
SM,GOTA DE ESPERANCA I,4.0
IQ,CHAPEUZINHO AMARELO,4.0
G,BEM QUERER,4.0
IP,RUGRATS - OS ANJINHOS VII,4.0
BT,PRIMEIRO LAPIS,4.0
FO,VILA PRADO,4.0
PE,LUZIA MATOS DA SILVA,4.0
CS,MANOEL DE BARROS,4.0
PE,FRATERNIDADE IRMA AMELIA,4.0
CL,ESTRELA DE DAVI,4.0
MP,ZOE,4.0
SA,PASSOS DO FUTURO,4.0
G,ENCARNACAO GIMENEZ MARTINEZ LUCAS,4.0
SM,CIA DOS SONHOS IV,4.0
IQ,FRANCISCO PEREIRA SOBRINHO,4.0
CL,UNIVERSO CRIANCA,4.0
G,AGUA AZUL,4.0
CL,ELIANA E SUA TURMINHA,4.0
MP,DANDINHA III,4.0
SM,SEMENTES BRILHANTES,4.0
SM,CRESCENDO PARA BRILHAR,4.0
CS,JARDIM DOS PINHEIROS,4.0
IP,PAULO SILAS,4.0
G,PLANETA KIDS,4.0
FO,PINGO DE GENTE,4.0
PE,SHIRO KYONO VER,4.0
G,BOAVENTURA II,4.0
G,LAR CANTINHO DO SABER,4.0
G,JULIO FRANCISCO DE SOUZA,4.0
MP,ESPACO FELIZ III,4.0
PJ,EMMANUEL,4.0
PJ,ESTRADA TURISTICA,4.0
PE,JOSE VIEIRA DE SANTANA,4.0
FO,PINGO DE ORVALHO,4.0
CS,JARDIM DOS SABIAS,4.0
CL,ANA GONCALVES DE SOUZA,4.0
G,IGEVE GUAIANASES MENDONCA,4.0
PJ,BORBOLETAS DO AMANHA,4.0
PE,MARIA APARECIDA SICA MAE DOCA - UN I,4.0
CL,VIVER E APRENDER I,4.0
MP,LUZIA AGUIAR,4.0
PE,MARIA DE BELEM,4.0
FO,NOSSA SENHORA MAE DE DEUS,4.0
FO,NOSSA SENHORA DAS DORES I,4.0
IP,GENOVEVA DASCOLI,4.0
IQ,BAU DE SURPRESAS,4.0
MP,UNIAO DE VILA NOVA,4.0
MP,SEMENTE DO AMANHA,4.0
BT,SAO FRANCISCO - ASA,4.0
FO,CLUBE DOS LEOEZINHOS,4.0
IP,BENJAMIN ANTONIO SALLES ARCURI,4.0
CL,JUAN DIEGO,4.0
SM,NOAH,4.0
CL,FIM DE SEMANA,4.0
MP,ESTRELINHAS DO FUTURO III,4.0
CS,JARDIM UNIVERSITARIO,4.0
IQ,MONTE CARMELO III,4.0
CS,AVELINO DE CARVALHO,4.0
MP,HELENA PEREIRA DE MORAES,4.0
MP,PESSACH,4.0
MP,JARDIM SAO CARLOS II,4.0
MP,FRANK DUFF,4.0
IP,VILA CARIOCA,4.0
SA,AME II,4.0
G,LUZIA BEZERRA,4.0
PJ,PEDACINHO DO CEU,4.0
IQ,JOAO FERNANDES III,4.0
SA,VERA ALVARENGA II,4.0
PE,PEQUENOS POETAS,4.0
PJ,SONHO INFANTIL,4.0
IP,MENINOS,4.0
MP,PEQUENOS CONSTRUTORES,4.0
JT,FUTURO BRILHANTE II,4.0
FO,ASAS DA VIDA,4.0
BT,PEQUENOS DO BUTANTA III,4.0
JT,ELIZABETH DE SOUZA,4.0
MP,SUCESSO DO AMANHA,4.0
IQ,CASA DO CRISTO II,4.0
CL,IRINEU,4.0
MP,ESPACO FELIZ,4.0
IP,EBENEZER,4.0
G,SOL RADIANTE,4.0
BT,CORUJINHA DO SABER,4.0
MP,VOVO VERA,4.0
IP,GRAO DE GENTE II,4.0
BT,COHAB EDUCANDARIO,4.0
CL,DIVINA GRACA,4.0
BT,MAE DO SALVADOR,4.0
CL,LUCAS EVANGELISTA,4.0
CS,PARQUE AMAZONAS,4.0
SM,JARDIM NOVE DE JULHO,4.0
SM,JARDIM ADUTORA,4.0
G,EL SHADAI,4.0
IQ,GEOVANNA SOUZA,4.0
G,MARIAZINHA,4.0
CL,VO ZEFA,4.0
PJ,CANTINHO DA IMAGINACAO II,4.0
PJ,CRIANDO HISTORIAS,4.0
G,SEMEANDO O BEM III,4.0
SA,LYDIA DOS SANTOS CARRANO,4.0
CL,SAO MIGUEL ARCANJO,4.0
SM,BRILHO DO SOL,4.0
G,ANGELINA,4.0
PE,SALESIANO SANTA LUZIA,4.0
FO,MARCIA RICCO FERRAZ,4.0
G,ENCANTADO,4.0
PE,MARIA DA GLORIA FREIRE LEMOS,4.0
FO,MUNDO DE SOFIA,4.0
MP,NEI CAETANO DE ANDRADE,4.0
G,MUNDO DA ALEGRIA IV,4.0
IP,CORACAO DE JESUS,4.0
MP,CONJ. HABITACIONAL TEXIMA,4.0
CS,GABRIEL KARA,4.0
IQ,SEMEANDO ALEGRIA,4.0
FO,PLENITUDE,4.0
SA,ATELIE DA INFANCIA,4.0
BT,CORUJINHA I,4.0
G,VOVO NINITO,4.0
SA,FERNANDO FERNANDES,4.0
IQ,VALTER JACONI,4.0
SM,ELIZABETH SOUZA LOBO GARCIA,4.0
G,IGEVE GUAIANASES ALVORADA,4.0
CS,JARDIM DAS MACAUBAS,4.0
FO,NOVO SER,4.0
CL,JARDIM CATANDUVA,4.0
G,DOCURAS E TRAVESSURAS,4.0
G,VO NICE II,4.0
PE,LAPIS NA MAO,4.0
IQ,TERESA DAVILA,4.0
IQ,LIRIOS DO VALE,4.0
G,PRISCILLA TELLES SIQUEIRA BALOTTA DE OLIVEIRA VII,4.0
SM,ALERTA CRIANCA,4.0
PJ,MUNDO IDEAL,4.0
CS,ALPS PARELHEIROS I,4.0
CS,FORCA E ACAO COMUNITARIA,4.0
MP,GOLFINHO DOURADO I,4.0
G,CUIDANDO DO AMANHA,4.0
PJ,EXTERNATO JAGUARE,4.0
PE,JUJUBINHA,4.0
IQ,ITAQUERA I,4.0
IQ,NOVA ALIANCA III,4.0
IP,ERIK GUNNAR ERIKSSON,4.0
CL,NOVOS CAMINHOS,4.0
FO,IRMA LOUIS MARIE,4.0
MP,VOVO ADELAIDE,4.0
MP,MUNDO KIDS,4.0
CS,NUCLEO PARQUE RESIDENCIAL COCAIA,4.0
IP,BEM ME QUER JARDIM DA SAUDE,4.0
SM,JARDIM MAGICO,4.0
SM,LADY DAY,4.0
FO,ANEU GARANHANI,4.0
IQ,DONA BARATINHA,4.0
G,YAHWE NISSI,4.0
CL,PIRAJUCARA,4.0
BT,PEQUENOS DO BUTANTA II,4.0
CS,MARIA NATIVIDADE MACHADO,4.0
IP,PACAEMBU,4.0
IQ,FRANCISCO RODRIGUES,4.0
SM,SAPOPEMBA I,4.0
SM,MARIA APARECIDA NASCIMENTO,4.0
MP,BELA INFANCIA,4.0
G,MVV DE GUAIANASES,4.0
BT,IRENE GOMES DOS SANTOS,4.0
CL,RECANTO INFANTIL COMUNITARIO DO PQ FIGUEIRA GRANDE,4.0
JT,PEQUENOS PASSOS,4.0
CL,ANA CLAUDINA DE CARVALHO FERRAZ DE CAMARGO,4.0
PE,JARDIM TRES MARIAS,4.0
IQ,VOVO PHILOMENA MENDES PRADO,4.0
G,VOVO LIDIA II,4.0
SA,CONDE LUIZ ZUNTA,4.0
PE,ONDACAIMA JUNIOR,4.0
IQ,A E DE CARVALHO,4.0
SM,SEMENTINHA DO APRENDER,4.0
BT,PAIS E FILHOS,4.0
IQ,MA-MA,4.0
PE,PEQUENOS CONSTRUTORES DO FUTURO,4.0
CL,PEQUENAS TURQUESAS IV,4.0
PJ,SOLAR DO AMANHECER,4.0
MP,GAMALIEL,4.0
MP,INFINITY KIDS,4.0
IQ,QUATRO PILARES DA EDUCACAO III,4.0
BT,JARDIM JULIETA,4.0
PE,MARIO CALDANA,4.0
CL,CEDRINHO III,4.0
IQ,DALVA RANGEL,4.0
IQ,JARDIM SANTO EDUARDO,4.0
FO,ANANDA MARGA - UNIVERSO INFANTIL,4.0
MP,VEREDAS,4.0
PE,PRINCIPE PIETRO,4.0
CL,ANGLICANA ANA PAULA QUINTAO,4.0
G,MARIA AUGUSTA DE PAULA PROFA,4.0
G,MUNDO DOS SONHOS II,4.0
BT,VIVER E CONVIVER,4.0
CL,JARDIM SAO BENTO VELHO,4.0
IP,NOVA LUZ,4.0
G,ESTRELINHAS ALEGRES II,4.0
PE,VOVO JULIA,4.0
PJ,MMDC,4.0
SM,AURORA BOREAL,4.0
CL,CONSTRUINDO HORIZONTES,4.0
G,ADHEMAR FERREIRA DA SILVA,4.0
FO,BURITI,4.0
CL,MAE ZAZA - NUCLEO I,4.0
BT,SAO JORGE ARPOADOR,4.0
MP,ELOHIM KADOSH,4.0
FO,ALECRIM DOURADO,4.0
SA,MARIA APARECIDA JERONIMO,4.0
PJ,MUNDO DOS SONHOS,4.0
SM,NOVA BOREAL,4.0
CS,JARDIM DAS OLIVEIRAS,4.0
CS,JARDIM SAO PEDRO I,4.0
PJ,JARDIM IRIS,4.0
CL,CASA SAO JOSE LAR DA INFANCIA,4.0
PJ,VOVO JOAO ARLINDO,4.0
BT,ALEGRIA DE APRENDER,4.0
PJ,ALEGRIA DE SERVIR,4.0
SM,RAIO DE SOL,4.0
IQ,THEREZINHA HELENA,4.0
PE,MEU GIRASSOL,4.0
G,JESUS REI,4.0
JT,PIMPOLHINHO,4.0
CL,RIO DOCE,4.0
CL,CAMINHAR III,4.0
BT,NOITE ENCANTADA IV,4.0
CL,LAR DE AMOR MEIMEI,4.0
G,MORIAH,4.0
IP,SAN FRANCESCO DE ASSISI,4.0
G,SHEKINAH,4.0
G,JOSELY MARIA CARDOSO BENTO,4.0
MP,VOVO FATIMA III,4.0
CL,PENTAGRAMA IV,4.0
SM,CEAR PROXIMOS PASSOS JARDIM SATELITE,4.0
IQ,ALVORADA,4.0
BT,ALECRIM,4.0
CL,VALE ENCANTADO,4.0
BT,PEQUENOS DO BUTANTA V,4.0
G,ROSEIRA I,4.0
JT,ASBEN JACANA,4.0
BT,JARDIM JAQUELINE,4.0
IP,JARDIM CLIMAX I,4.0
CS,JARDIM DOS IPES,4.0
G,ESPACO KAIROS V,4.0
PJ,SAO PAULO APOSTOLO,4.0
CS,DOUGLAS DANIEL DO NASCIMENTO,4.0
FO,BENIGNA CARDOSO,4.0
CL,ANGLICANA RENATA EUGENIA RODRIGUES - UNID IV- MORUMBI,4.0
FO,CIRANDINHA DAS ROSAS,4.0
SM,JEOVA RAFA II,4.0
IP,ADELIA CURI,4.0
IP,JARDIM GUAIRACA,4.0
G,SABOR DE INFANCIA,4.0
FO,SANTA PAULINA,4.0
G,INCONFIDENTES,4.0
PJ,NEWTON PRADO,4.0
JT,FUTURO BRILHANTE III,4.0
FO,PRISCILLA TELLES SIQUEIRA BALOTTA DE OLIVEIRA II,4.0
IQ,PROFESSOR TEIXEIRA,4.0
PJ,ALEGRIA DO SABER,4.0
G,PODER E QUERER,4.0
IQ,ANJO DE LUZ,4.0
FO,ANTONIO CORREIA,4.0
IQ,DOCE MEL III,4.0
CL,VOVO CECILIA,4.0
BT,SALVADOR LO TURCO,4.0
SA,VO DONI,4.0
PE,MUNDINHO DO MATHEUS,4.0
MP,CDHU JACUI A,4.0
SM,URSINHOS CARINHOSOS,4.0
FO,NANY APPLE,4.0
G,IRACI SANTANA,4.0
CS,JARDIM SHANGRILA - NUCLEO III,4.0
IQ,SONIA MARIA DOS ANJOS MARTINELLI,4.0
BT,CASINHA DA TIA LORE,4.0
IP,GRAO DE GENTE,4.0
FO,PEQUENAS ESTRELAS I,4.0
BT,SAO CESARIO,4.0
IQ,TIO DIDI,4.0
PJ,AMOR DE INFANCIA,4.0
PJ,CORACAO DE LEAO,4.0
G,PRISCILLA TELLES SIQUEIRA BALOTTA DE OLIVEIRA IV,4.0
IP,MARY ANNE,4.0
PE,PILAR FUENTES ROMEU,4.0
PE,SANTA BARBARA,4.0
G,PRISCILLA TELLES SIQUEIRA BALOTTA DE OLIVEIRA VI,4.0
IP,AMIZADE BRASIL E CHINA,4.0
MP,TIA ANA,4.0
SA,ONADYR MARCONDES,4.0
FO,MENINO JESUS,4.0
IQ,JOSE BONIFACIO (BOM PASTOR II),4.0
IQ,PROFESSOR SIDNEY,4.0
JT,CAMINHAR E PRECISO II,4.0
SA,VERA ALVARENGA,4.0
IQ,PARADA XV DE NOVEMBRO,4.0
PJ,VILA PERUS,4.0
MP,PRINCIPIOS,4.0
FO,MARQUES DOS FRANCOS,4.0
IP,MARANATA IRMAOS NATALI,4.0
FO,SHADDAI II,4.0
FO,NOVO CAMINHO,4.0
G,QUATRO PILARES DA EDUCACAO IV,4.0
SM,GUSTAVINHO,4.0
IQ,BALAO MAGICO,4.0
PE,MARTA TERESINHA GODINHO,4.0
IQ,MARIA APARECIDA SIQUEIRA CAMPOS,4.0
IP,FERNANDA,4.0
PJ,AMARELINHA,4.0
FO,ANIVALDO FERREIRA PADILHA,4.0
MP,JARDIM LAPENA,4.0
SA,JORGINHO,4.0
SM,EMANUEL,4.0
IP,SEMEANDO O FUTURO,4.0
MP,MUNDO DA ALEGRIA,4.0
CL,MARITEL,4.0
CL,MARGARIDA BRITO FARIAS SILVA,4.0
SM,JESUS REI II,4.0
CS,JARDIM NOVO HORIZONTE,4.0
IQ,GIRASSOL DE LUZ,4.0
CL,PRIMEIROS PASSOS,4.0
PJ,LAR ESTRELA GUIA,4.0
PJ,TIA SYLVINHA,4.0
MP,REFERENCIAL II,4.0
FO,SAO JOSE DE VILA PALMEIRAS,4.0
CS,NICOLAI NICOLAEVICH KOCHERGIN,4.0
SA,CRI-ACAO II - ILHA BELA,4.0
G,ACOLHER II,4.0
G,LUZIA BEZERRA II,4.0
MP,ABELHA BELINHA,4.0
G,PEQUENOS PENSADORES,4.0
PE,CARRAO I,4.0
G,CONJUNTO HABITACIONAL BALTAZAR CISNEROS,4.0
MP,CRESCER E APRENDER,4.0
MP,MUNDO ENCANTADO II,4.0
IP,ARARIPE,4.0
G,ALPS LAJEADO II,4.0
MP,JARDIM HELENA I,4.0
CL,VITORIA,4.0
FO,JACIARA,4.0
CL,ANTONIO RODRIGUES,4.0
G,BOAVENTURA III,4.0
G,JULIO CESAR,4.0
MP,ESPACO DA COMUNIDADE XIII,4.0
FO,ITABERABA,4.0
FO,CARLOS APOLINARIO,4.0
SM,MUNDO DA FELICIDADE,4.0
SA,TIA LILA,4.0
JT,SEMEANDO O BEM,4.0
CS,JARDIM DAS HORTENSIAS,4.0
IP,IPIRANGA,4.0
MP,ESTRELINHAS ALEGRES,4.0
CS,VENHA CONOSCO - UNIDADE III,4.0
PJ,MORADA DO SOL,4.0
G,JULIO FRANCISCO DE SOUZA II,4.0
IP,WILSON JOSE ABDALLA,4.0
MP,REVOLUCAO,4.0
PJ,VILA CLARICE,4.0
G,ESPACO KAIROS TUPINIQUIM,4.0
PE,DANDINHA II,4.0
PJ,MARIA E JOSE,4.0
CL,SUL DE MINAS,4.0
CL,VOVO DILEUZA,4.0
SA,VO MARIA VENANCIO,4.0
CL,NATALIA REZINO I,4.0
JT,JOVA RURAL,4.0
PE,VILA SALETE,4.0
CL,SANTO ESTEVAO REI,4.0
MP,SANTA ROSA DE LIMA,4.0
IQ,OLHAR PARA O FUTURO,4.0
SM,PEQUENOS GIGANTES,4.0
SA,MEU ABACATEIRO,4.0
G,VILA IOLANDA,4.0
IP,CARDEAL MOTTA,4.0
CL,MARGARIDAS AMARELAS,4.0
G,VIDA DE CRIANCA,4.0
PE,TURMINHA DA VILA,4.0
JT,SEMENTINHA DA ESPERANCA,4.0
SA,SOCIAL BOM JESUS,4.0
IQ,LEAO DA TRIBO DE JUDA,4.0
SM,PINGUINHO,4.0
IQ,PINGUIM DE MOCHILA,4.0
BT,ALEGRIA DO SABER III,4.0
CL,JARDIM DIONISIO,4.0
CL,LILA COVAS,4.0
G,PRISCILLA TELLES SIQUEIRA BALOTTA DE OLIVEIRA IX,4.0
FO,NOVO AMANHECER,4.0
FO,GUILHERME HENRIQUE PINTO COELHO,4.0
IQ,JOANNA DE ANGELIS,4.0
CL,JARDIM DAS FLORES,4.0
IQ,FUTURO FELIZ,4.0
MP,CONSTRUINDO SONHOS,4.0
BT,RECANTO DA ALEGRIA II,4.0
MP,SER FELIZ,4.0
FO,JARDIM PERI,4.0
PJ,LAR DE MARIA,4.0
CL,GUILHERME PARANHOS,4.0
PJ,PRIMEIRA ESTACAO,4.0
G,LORIS MALAGUZZI,4.0
IP,ESPACO DA COMUNIDADE XI,4.0
FO,PEQUENOS SONHADORES,4.0
PJ,AS CORES DA INFANCIA,4.0
CS,MARIO QUINTANA,4.0
IQ,MULEQUE,4.0
SM,GRAO DE ESPERANCA I,4.0
G,SEQUOIA,4.0
CS,PARQUE RESIDENCIAL COCAIA - GRAJAU,4.0
PJ,ELOHIM ADONAI,4.0
MP,JARDIM VILA PEDROSO,4.0
IP,SANTA PAULA,4.0
MP,CANTINHO DE LUZ II,4.0
G,ALPS LAJEADO,4.0
PJ,PARQUE SAO DOMINGOS,4.0
IQ,FRANCISCO YOSHIO,4.0
CL,SAO JOAO GUALBERTO,4.0
PE,DOCE MEL,4.0
CL,SOLAR DOS UNIDOS I,4.0
PE,JARDIM NORDESTE,4.0
BT,JOAO DE BARRO,4.0
IQ,BALAO DE BOLINHAS,4.0
SA,VILA IMPERIO,4.0
PJ,CANTINHO DA IMAGINACAO,4.0
IP,SANTA MAE APARECIDA,4.0
CL,PEDRO E MARIA,4.0
PE,VOVO LOURDES,4.0
BT,CORUJINHA IV,4.0
CL,JOSE REGINALDO DA FONSECA II,4.0
SA,CANTINHO DA PAZ I,4.0
MP,ESPACO FELIZ II,4.0
FO,PEQUENAS ESTRELAS II,4.0
FO,JARDIM ELISA MARIA,4.0
CL,GEORGE LIAN,4.0
G,NOVO FLORESCER,4.0
IQ,INFANCIA FELIZ,4.0
SM,AUTA DE SOUZA,4.0
IQ,TIA ADELIA NERI,4.0
CS,VENHA CONOSCO - UNIDADE VIII,4.0
PJ,AMIGUINHOS DE JESUS,4.0
PJ,FAMILIA MISSAO,4.0
IP,INDIANOPOLIS,4.0
MP,RECANTO DOS PEQUENINOS II,4.0
PE,JARDIM VERONIA,4.0
IQ,CASA DA CRIANCA FELIZ,4.0
PE,ANTONIO ELPIDIO DA SILVA,4.0
MP,CRESCER E APRENDER II,4.0
PE,DELSON DOMINGUES,4.0
FO,MORRO GRANDE CT VIDA,4.0
SM,PARQUE DOS BANCARIOS,4.0
FO,VILA PENTEADO,4.0
SM,JOIAS RARAS,4.0
MP,ESPACO DA COMUNIDADE II,4.0
SA,JARDIM PALMARES,4.0
FO,MIGUEL ARCANJO,4.0
SM,ITAQUERA B,4.0
MP,LIRIO DO VALE,4.0
IP,DOCE SABER,4.0
SA,VERA ALVARENGA III,4.0
FO,OIKOS II,4.0
SM,MEIMEI II,4.0
JT,JARDIM TREMEMBE,4.0
PJ,CORRE COTIA,4.0
CS,A MAO COOPERADORA,4.0
BT,RIO PEQUENO II,4.0
IQ,ALEGRETTI,4.0
FO,NAKINE,4.0
PJ,MISERICORDIA II,4.0
IQ,ESPACO DA COMUNIDADE III,4.0
IQ,VILA RAMOS,4.0
CL,NOSSA SENHORA DAS GRACAS - INSTITUTO CIO DA TERRA,4.0
JT,EVA FURNARI,4.0
CL,CAMINHAR II,4.0
PJ,SOLEDAD BARRET VIEDMA,4.0
CS,DENISE NALINI,4.0
MP,VOVO FATIMA II,4.0
SM,MENINO JESUS JARDIM GRIMALDI,4.0
MP,MUNDO DA ALEGRIA II,4.0
FO,VINTE DE AGOSTO,4.0
CS,KADOSHI,4.0
PJ,CANTINHO FELIZ,4.0
CL,JARDIM SAO JOAQUIM,4.0
FO,JARDIM GUARANI,4.0
CL,CAMINHAR COM AMOR - UNIDADE II,4.0
G,VOVO JOAQUIM,4.0
FO,CRISTOVAO II,4.0
G,LAR DITOSO,4.0
PE,MEU SONHO ENCANTADO,4.0
MP,SONHO MAGICO II,4.0
IQ,MONTE CARMELO IV,4.0
G,CIDADE TIRADENTES,4.0
MP,EFATA,4.0
MP,CAMINHO DOURADO II,4.0
SM,JARDIM SAO FRANCISCO,4.0
PE,ESMERALDAS,4.0
CL,NOSSA SENHORA MAGLAC III,4.0
BT,ALEGRIA DO SABER II,4.0
PJ,VILA SULINA,4.0
FO,NOVA VIDA,4.0
CL,ANGLICANA CRISTINA NARDINELLI,4.0
CL,LUAR DO SERTAO,4.0
SM,SAPOPEMBA II,4.0
IQ,FAZ DE CONTA,4.0
G,TEREZA DAVILA,4.0
MP,SAMARITANINHOS V,4.0
SM,ANUNCIACAO FERREIRA,4.0
CL,SOL DO AMANHA,4.0
FO,JARDIM MARACANA,4.0
CL,JARDIM ECOLOGICO GUARAPIRANGA I,4.0
SM,MARIA PENHA NASCIMENTO,4.0
SM,PARQUE SANTA MADALENA II,4.0
CS,JARDIM NORONHA,4.0
G,VOVO AUGUSTA II,4.0
IQ,DESENHANDO O AMANHA,4.0
PJ,PINGO DE OURO,4.0
CL,GUARAPIRANGA I,4.0
SA,ISABELA,4.0
CS,PARQUE COCAIA,4.0
MP,ANTONIO JOAO DE MEDEIROS,4.0
BT,BLANDINA MEIRELLES,4.0
PE,MIRANDINHA,4.0
G,PEDRO XAVIER,4.0
CS,MARCELA,4.0
CS,JARDIM SAO JUDAS TADEU,4.0
G,MARIA DA SILVA SANTOS,4.0
SA,SOL REI,4.0
PE,MARIA AUXILIADORA,4.0
PJ,MARIA DO CARMO,4.0
JT,SANTA HELENA,4.0
SA,TEREZA ARAGAO,4.0
JT,LAR BATISTA DE CRIANCAS - MANDAQUI,4.0
IQ,VO CATARINA,4.0
IP,SEMENTINHA,4.0
PJ,JARDIM MARISTELA,4.0
SA,CRE SER II,4.0
BT,JARDIM DAS VERTENTES,4.0
IQ,VIGILANTES DO FUTURO,4.0
MP,ENCANTO E HARMONIA,4.0
PJ,JARAGUA I,4.0
JT,PROJETO CRESCER,4.0
SM,AURORA BOREAL II,4.0
JT,DANDARA,4.0
JT,AUGUSTA CORDEIRO DA ROCHA,4.0
MP,CLAUDIO JANUARIO,4.0
FO,ISAURA RIBEIRO MARTINS,4.0
PE,PEQUENOS AVENTUREIROS,4.0
PE,CANTINHO DA VOVO HELENA,4.0
PJ,CANTINHO PINHEIRINHO D AGUA,4.0
BT,VOVO JOSE,4.0
FO,ALEGRIA DE CRIANCA,4.0
SM,NOSSA SENHORA MAGLAC,4.0
BT,PRIMEIROS CAMINHOS,4.0
CL,IRENE IRAPIRANGA,4.0
IQ,SAO JOSE OPERARIO II,4.0
PE,MADAGASCAR,4.0
BT,NOSSO SONHO,4.0
IP,CANTINHO DA LOTUS,4.0
CL,JARDIM FUJIHARA,4.0
BT,JARDIM EDITE,4.0
FO,FUTURO DO AMANHA,4.0
MP,BARUCH,4.0
BT,ALEGRIA DO SABER IV,4.0
G,CONJUNTO HABITACIONAL SANTA ETELVINA VI,4.0
FO,MARIA DULCE,4.0
FO,CRISTOVAO,4.0
PJ,VILA LEOPOLDINA,4.0
IP,RAPHAELA CAPELLANO DIAS,4.0
G,IGEVE GUAIANASES RUBI,4.0
PE,CASA DE CRIAR E BRINCAR,4.0
JT,NUCLEO DO SABER,4.0
FO,EMILIA FERREIRO,4.0
BT,RECANTO DA ALEGRIA V,4.0
FO,ESPACO KAIROS PERI,4.0
IQ,DAMARIS CASTILHO IV,4.0
SA,SAKURA,4.0
SM,NOVA BRASILIA,4.0
IQ,JARDIM SAO PEDRO,4.0
IP,ESTACAO ALEGRIA,4.0
G,CRIANCAS BRILHANTES,4.0
PJ,ESTRELA DO MAR,4.0
SM,FILADELFIA,4.0
IQ,CASA DA CRIANCA FELIZ II,4.0
G,ANNALU,4.0
IQ,SERELEPE,4.0
PE,ALPHA BABY,4.0
JT,CARINHA DE ANJO,4.0
G,ALPS JARDIM SAO JOAO,4.0
CS,ITATINGA - NUCLEO II,4.0
G,FUTURO BRILHANTE VII,4.0
SM,NOVA ISRAEL,4.0
BT,FRATERNIDADE MARIA DE NAZARE,4.0
PJ,MARGARIDA BARROS HORTA,4.0
CL,RANC III,4.0
BT,MARIA FERREIRA DA FONSECA,4.0
BT,NOITE ENCANTADA V,4.0
PJ,SONHO DE INFANCIA,4.0
MP,ABC DA CRIANCA,4.0
JT,VILA MARIA,4.0
FO,UNIVERSO INFANTIL,4.0
G,JOAO E MARIA,4.0
JT,CHACARA BELA VISTA II,4.0
SM,AFAMA BABY,4.0
G,INOVACAO,4.0
CS,HERMANN GMEINER,4.0
CL,CANTINHO ESTRELADO,4.0
FO,INACIO DE LIMA OLIVEIRA,4.0
CS,JARDIM REIMBERG,4.0
MP,FLOR DO AMANHA II,4.0
CL,MIRA ORUBE,4.0
G,CANTINHO DA TIA DORA,4.0
CS,JARDIM DAS ARAUCARIAS,4.0
MP,ESTRELINHAS DO FUTURO,4.0
IQ,SEMENTINHAS DE ESPERANCA,4.0
IQ,PRIMAVERA,4.0
CL,PEQUENOS GENIOS II,4.0
G,LAR GERACAO FUTURO,4.0
PE,MUNDO ENCANTADO,4.0
PE,ANTONIA MARIA TORRES DA SILVA,4.0
SA,MUNDO DAS CRIANCAS,4.0
PJ,JARDIM TAIPAS,4.0
CS,PARQUE NOVO GRAJAU,4.0
G,RENOVO,4.0
CL,BRILHO DE LUZ,4.0
PE,MUNDO AZUL,4.0
CS,VOVO AIDA RAMOS FERREIRA,4.0
FO,LAR ENCANTADO,4.0
CL,VERA LUCIA,4.0
JT,JARDIM CABUCU,4.0
G,MUNDO DA ALEGRIA III,4.0
FO,VOVO ALZIRA,4.0
SA,SANTA CATARINA II,4.0
CL,RANC,4.0
SA,ESTERLITA,4.0
MP,SER FELIZ III,4.0
PJ,FAMILIA JUDA,4.0
CL,SANTA IZABEL,4.0
SM,BRILHANTES,4.0
G,PAZ NOS VALES,4.0
CS,SANTA MARIA,4.0
IQ,CANTINHO DA RENATA,4.0
PJ,VALE DO SOL,4.0
PE,ESTRELA BABY,4.0
CS,MUNDINHO DOS TALENTOS,4.0
SM,JOANA ALVES,4.0
CS,YANNI,4.0
BT,LAR DO ALVORECER CRISTAO,4.0
CL,ELON MACENA,4.0
CS,JOSIS,4.0
IQ,CONSTRUINDO O AMANHA,4.0
IP,MUNDO FELIZ,4.0
PE,LUZ,4.0
MP,DOCE INFANCIA,4.0
PJ,ANIBAL DI FRANCIA,4.0
BT,CORUJINHA III,4.0
PE,PINTANDO O SABER,4.0
JT,COLINHO DE MAMAE,4.0
IQ,NOVA ALIANCA,4.0
SM,FILHOS DE BETEL II,4.0
CL,MARIA DE SOUSA AZEVEDO,4.0
PJ,ANGLICANA JULIAN THOMAS - UN. III,4.0
IQ,NINHO DA CRIANCA,4.0
SA,MARIO CELESTINO TEIXEIRA,4.0
IQ,PICOLO,4.0
JT,PEQUENAS ESTRELAS IV,4.0
SM,PEQUENINOS DO REINO,4.0
MP,ARVORE DO APRENDIZADO II,4.0
IP,JESSICA FRAZAO,4.0
SA,CANTINHO DA FABIANA,4.0
CS,JARDIM MANACAS,4.0
PE,SABERES INFANTIS,4.0
G,MARIA ELISABETE LIMA MOTA,4.0
IQ,CONCORDIA,4.0
SA,NOSSA SENHORA DAS GRACAS,4.0
MP,JARDIM SAO VICENTE,4.0
G,PEDACINHO DO CEU II,4.0
MP,CAMINHO DOURADO III,4.0
FO,CASA DA CRIANCA ST TEREZINHA,4.0
MP,JARDIM MILIUNAS,4.0
G,MADRE PAULINA,4.0
JT,EMMI PIKLER,4.0
CL,VITORIA SERGIO BRANCO MARTINS,4.0
PE,JARDIM HERCILIA,4.0
BT,NINHO DA AMIZADE,4.0
CL,CONSTRUINDO CONSCIENCIA,4.0
PE,CONJUNTO HABITACIONAL PADRE MANOEL DE PAIVA,4.0
CL,SAO JORGE,4.0
CL,PRINCESA MELISSA,4.0
FO,ANA NERY,4.0
FO,BOAVENTURA,4.0
FO,MARANATA,4.0
CL,MONTE AZUL A. C.,4.0
IP,ABRINDO O SABER,4.0
G,TIA TEINHA NERI,4.0
IP,ESPACO BRINCAR,4.0
PJ,ACOLHENDO COM AMOR,4.0
IP,SILVIA COVAS,4.0
PE,MOMENTOS FELIZES,4.0
JT,VICTOR HUGO DEPPMAN,4.0
G,ESPACO KAIROS,4.0
CL,PRINCIPE KAWANN,4.0
CL,AGAPE I,4.0
G,MARIA DE LOURDES DA SILVA XAVIER,4.0
IQ,FE E ALEGRIA,4.0
PJ,MARAJOARA,4.0
IQ,GARRA FEMININA II,4.0
MP,NAZARE,4.0
MP,VOVO FATIMA,4.0
BT,PAU BRASIL,4.0
FO,MACEDONIA,4.0
IP,LEONARDA SOARES ALVES,4.0
IQ,NOGUEIRA SUDESTE,4.0
MP,ESPACO VIDA CRIATIVA,4.0
CL,CASTILHO III,4.0
IQ,JOAO FERNANDES XII,4.0
IQ,CONJUNTO HABITACIONAL ITAQUERA IV,4.0
FO,CASTELO BRANCO,4.0
SM,MARIA FLOR,4.0
MP,CANTINHO DA TIA ISAURA,4.0
CL,BETE SHALOM MORADA DA PAZ,4.0
SA,VILA INGLESA,4.0
PE,RAINHA ESTHER,4.0
JT,ESPACO CRIANCA ELIAS ANTONIO ZOGBI,4.0
FO,TEQUINHO DO CEU,4.0
PJ,VILA SAO JOAO,4.0
PE,LEOZINHO,4.0
G,TURMA DA MAFALDA,4.0
IP,JURANDYR BARBOSA,4.0
PJ,CORACAO VALENTE,4.0
FO,LYGIA FAGUNDES TELLES,4.0
SM,VIDA ENCANTADA,4.0
CL,ELISABETH QUINELLO,4.0
IQ,VOVO MARGARIDA,4.0
CS,SANTA IZABEL I,4.0
MP,DAMARIS CASTILHO III,4.0
IQ,ANDRE LUIZ I G REGINALDO,4.0
PJ,PEQUENO LUCCA,4.0
PE,TERNURINHA,4.0
SA,TIO BUBE,4.0
IQ,JARDIM IPANEMA I,4.0
IQ,CHEIRINHO DE NENEM,4.0
CL,ANJINHOS DE DULCE,4.0
CL,MAE PEREGRINA,4.0
BT,NOITE ENCANTADA I,4.0
IP,ACALANTO,4.0
SM,JEOVA RAFA III,4.0
G,SOSSEGO DA MAMAE,4.0
SM,JOAO UBALDO RIBEIRO,4.0
IP,LAR CRIANCA FELIZ,4.0
CS,VENHA CONOSCO - UNIDADE VII,4.0
CS,JARDIM LALLO,4.0
CL,VILA CALU,4.0
PJ,LINDO SOL,4.0
BT,NOSSA SENHORA ASSUNCAO,4.0
IP,JUREMA,4.0
PJ,ESPADINHA DE OURO,4.0
IQ,CABREUVAS,4.0
PJ,VILA PIAUI,4.0
CL,CAMINHAR V,4.0
G,VOVO OLINDA,4.0
FO,MARIA JOSE DE SOUZA,4.0
IP,FRANCISCO BATISTA VER,4.0
IP,TINDOLELE,4.0
CL,JORGE APOVIAN,4.0
IP,ABRACAR,4.0
MP,KAUE MARQUES,4.0
MP,PARQUE CRUZEIRO DO SUL,4.0
IP,ANJOS DA TERRA,4.0
CL,PARQUE REGINA,4.0
G,CAMINHAR E CRESCER,4.0
JT,PARQUE CASA DE PEDRA,4.0
BT,VOVO ANA,4.0
MP,PINGOS DO AMANHA,4.0
FO,ANTONIO PEREIRA DE SOUZA NETO,4.0
IQ,CORDEIRINHOS DE CRISTO,4.0
IQ,MEIMEI,4.0
FO,ADEMARIO SANTANA,4.0
FO,CAMINHAR E PRECISO,4.0
CL,INDEPENDENCIA,4.0
FO,PEQUENA GIOVANNA,4.0
CL,TOMAS DE AQUINO,4.0
CL,JOAO PEDRO RODRIGUES,4.0
CL,FLAMBOYANT,4.0
BT,YVONE LEMOS DE ALMEIDA FRAGA,4.0
CS,MANOEL BISPO DOS SANTOS,4.0
CL,JORGE CAMISA NOVA,4.0
FO,ESPACO KAIROS JD. SANTA CRUZ,4.0
G,SUZANA POMPEU DE TOLEDO,4.0
IP,SEMENTE DE ESPERANCA,4.0
PE,JARDIM POPULAR,4.0
G,RAFA GIRE,4.0
SM,JARDIM RODOLFO PIRANI,4.0
SM,ANDRE DE ALMEIDA,4.0
FO,VO NICE,4.0
CS,MITIKO MATSUSHITA NEVOEIRO,4.0
IP,ZE COLMEIA,4.0
G,ALEM DO HORIZONTE,4.0
SM,GOTA DE ESPERANCA III,4.0
CS,ANA DE FATIMA,4.0
CS,AGAPE,4.0
IQ,UNIVERSO DA CRIANCA II,4.0
BT,MARIA DE NAZARE,4.0
PJ,ARACY GOUVEA DE SOUZA,4.0
MP,CASA DE ISABEL C.E.I.,4.0
PJ,SAO LUIZ MARIE DE MONTFORT,4.0
FO,SOARES LIMA,4.0
CS,JARDIM DO CEDRO,4.0
IP,EDUCAR,4.0
PJ,4 IRMAOS,4.0
IP,TRILHANDO CAMINHOS,4.0
MP,SIRLEY SALOMAO BOGARELLI,4.0
SM,HANNAH,4.0
SA,VENHA CONOSCO IX,4.0
CS,MAE TRABALHADORA,4.0
CS,ESTRADA DO SOL,4.0
SM,LEAO DE JUDA,4.0
SM,DOMINGUINHOS,4.0
G,VILA NANCY,4.0
CL,PIRUETA,4.0
IP,SAO DOMINGOS,4.0
G,MAYARA ESPERANCA E VIDA,4.0
G,CEU E COR,4.0
PJ,CRESCENDO E APRENDENDO,4.0
CL,PENTAGRAMA VII,4.0
IP,TRANSFORMANDO VIDAS,4.0
FO,RUTH ROCHA,4.0
PJ,PARQUE MARIA DOMITILA,4.0
CL,TURQUESINHAS,4.0
MP,MARIA APARECIDA DOS SANTOS,4.0
G,QUATRO PILARES DA EDUCACAO I,4.0
IQ,DOCE LAR DO IRMAO BENEDITO,4.0
JT,FUTURO BRILHANTE,4.0
SA,CAMINHAR COM AMOR - UNIDADE I,4.0
SA,LOURDINHA PINHEIRO V,4.0
PE,MONTE MORIAH,4.0
CL,LIBERTARIOS,4.0
IQ,BOM PASTOR,4.0
PJ,JARDIM DAS BORBOLETAS,4.0
PE,SEMENTINHA DA VIDA,4.0
FO,ALEM DO ARCO IRIS,4.0
IP,SAO SAVERIO,4.0
SM,PIPAS I,4.0
IQ,BOM SUCESSO,4.0
IP,ELOHIM ADONAI III,4.0
PE,CARLOS JACOB,4.0
CL,MATRIARCA I,4.0
FO,CANTINHO DA SERRA,4.0
MP,PRISCILLA TELLES SIQUEIRA BALOTTA DE OLIVEIRA VIII,4.0
CL,DULCE MARINHO,4.0
SM,JARDIM COLORADO I,4.0
JT,JARDIM BRASIL - PRESEPIO,4.0
MP,SAMARITANINHOS IV,4.0
SA,LOURDINHA PINHEIRO III,4.0
G,VO NICE III,4.0
CS,JARDIM DAS ACACIAS,4.0
SA,VENHA CONOSCO IV,4.0
CS,ELVIRA MARTINS,4.0
CL,JARDIM GUARUJA - RITA MONTEIRO DE SOUZA,4.0
PJ,FAMILIA SIAO,4.0
CS,TIA EMMA,4.0
FO,ANA MARIA MACHADO,4.0
FO,ARCO IRIS,4.0
PJ,NOSSA SENHORA DO ROSARIO,4.0
IQ,NOSSA SENHORA SAGRADO CORACAO,4.0
IQ,JARDIM SANTA MARIA,4.0
CL,PENTAGRAMA VI,4.0
IQ,JARDIM LIDERANCA,4.0
MP,ARVORE DO APRENDIZADO,4.0
IP,SAN LONGINUS,4.0
G,TURMA DA MAFALDA II,4.0
MP,ERVA DO SERENO,4.0
PJ,IZABEL CAROLINA,4.0
PE,CARACOL,4.0
G,CONCORDIA II,3.0
SA,IRANI DA SILVA LUZIA,3.0
CL,ROSA MARIA II,3.0
G,MARIA,3.0
PJ,LINDA FLOR,3.0
IP,RUGRATS OS ANJINHOS VI,3.0
CL,CIA DOS SONHOS V,3.0
G,BEM QUERER II,3.0
SA,MARIA DE LOURDES COSTA,3.0
PE,CASA DOS INOCENTES II,3.0
SA,PEQUENOS GENIOS - FLORES,3.0
PE,BRAS MOOCA,3.0
G,AQUARELA KIDS,3.0
CL,VOVO DILEUZA II,3.0
SA,ABAYOMI,3.0
G,APRENDENDO A CRESCER,3.0
IQ,CONQUISTA,3.0
G,DONA BELLA,3.0
G,ESPACO INFANTIL,3.0
CL,CEDRINHO IV,3.0
G,ALPS TIRADENTES,3.0
G,IZABEL RIBEIRO,3.0
CL,CECILIA MARIA I,3.0
G,CARIJOS,3.0
G,PEQUENO ARTHUR,3.0
FO,MENINO DE LATA,3.0
SM,PIPAS IV,3.0
PE,VAGALUME,3.0
PE,LUZ DA ESPERANCA,3.0
G,ESPERANCA E VIDA II,3.0
PE,BEZERRA DE MENEZES,3.0
G,UNIVERSO MIRIM,3.0
PE,TIQUATIRA I,3.0
